url,title,date
/weibo?q=%23%E5%9C%A8%E5%A5%8B%E6%96%97%E4%B8%AD%E9%87%8A%E6%94%BE%E9%9D%92%E6%98%A5%E6%BF%80%E6%83%85%23&Refer=new_time,在奋斗中释放青春激情,2025-06-07
/weibo?q=%E9%AB%98%E8%80%83%E4%BD%9C%E6%96%87&t=31&band_rank=1&Refer=top,高考作文,2025-06-07
/weibo?q=%E9%AB%98%E8%80%83%E8%AF%AD%E6%96%87&t=31&band_rank=2&Refer=top,高考语文,2025-06-07
/weibo?q=%23%E7%A5%9D1335%E4%B8%87%E9%AB%98%E8%80%83%E7%94%9F%E5%A4%A7%E8%83%9C%E5%BD%92%E6%9D%A5%23&t=31&band_rank=3&Refer=top,祝1335万高考生大胜归来,2025-06-07
/weibo?q=%E5%85%A8%E5%9B%BD%E4%B8%80%E5%8D%B7%E4%BD%9C%E6%96%87%20%E7%9C%8B%E4%B8%8D%E6%87%82&t=31&band_rank=4&Refer=top,全国一卷作文 看不懂,2025-06-07
/weibo?q=%E5%85%A8%E5%9B%BD%E4%B8%80%E5%8D%B7%20%E9%9A%BE&t=31&band_rank=5&Refer=top,全国一卷 难,2025-06-07
/weibo?q=%23%E7%BD%91%E8%AD%A6%E6%8A%A4%E8%88%AA%E9%AB%98%E8%80%83%E7%A5%9D%E5%AD%A6%E5%AD%90%E9%87%91%E6%A6%9C%E9%A2%98%E5%90%8D%23&t=31&band_rank=6&Refer=top,网警护航高考祝学子金榜题名,2025-06-07
/weibo?q=%E4%BB%8A%E5%B9%B4%E8%AF%AD%E6%96%87%E9%9A%BE%E4%B8%8D%E9%9A%BE&t=31&band_rank=7&Refer=top,今年语文难不难,2025-06-07
/weibo?q=%23%E4%B8%81%E5%A4%AA%E5%8D%87%E8%AF%B4%E5%8D%95%E4%BE%9D%E7%BA%AF%E6%9D%8E%E7%99%BD%E5%BF%B5%E7%99%BDlow%E7%88%86%23&t=31&band_rank=8&Refer=top,丁太升说单依纯李白念白low爆,2025-06-07
/weibo?q=%E9%AB%98%E8%80%83&t=31&band_rank=9&Refer=top,高考,2025-06-07
/weibo?q=%23%E5%8D%95%E4%BE%9D%E7%BA%AF%E5%9B%9E%E5%BA%94%E7%96%AF%E4%BA%86%23&t=31&band_rank=10&Refer=top,单依纯回应疯了,2025-06-07
/weibo?q=%E6%8B%9C%E6%89%98%E9%AB%98%E8%80%83%E7%AC%AC%E4%B8%80%E4%B8%AA%E5%87%BA%E8%80%83%E5%9C%BA%E7%9A%84%E8%80%83%E7%94%9F&t=31&band_rank=11&Refer=top,拜托高考第一个出考场的考生,2025-06-07
/weibo?q=%23%E9%AB%98%E8%80%83%E9%A6%96%E6%97%A5%E9%AB%98%E4%B8%89%E5%AD%A6%E7%94%9F6%E7%82%B9%E5%8D%8A%E6%AD%A3%E5%B8%B8%E8%B7%91%E6%93%8D%23&t=31&band_rank=12&Refer=top,高考首日高三学生6点半正常跑操,2025-06-07
/weibo?q=%23%E5%BC%A0%E8%89%BA%E5%85%B4%E7%9A%84%E4%BA%AC%E4%B8%9C%E6%96%B0%E8%88%9E%E5%8F%B0%23&t=31&band_rank=13&Refer=top,张艺兴的京东新舞台,2025-06-07
/weibo?q=%23%E7%9B%B4%E6%92%AD2025%E6%B2%B3%E5%8D%97%E9%AB%98%E8%80%83%23&t=31&band_rank=14&Refer=top,直播2025河南高考,2025-06-07
/weibo?q=%23%E5%AE%B6%E5%B1%9E%E5%9B%9E%E5%BA%94%E9%9F%A6%E4%B8%9C%E5%A5%95%E8%BA%AB%E4%BD%93%E7%8A%B6%E5%86%B5%23&t=31&band_rank=15&Refer=top,家属回应韦东奕身体状况,2025-06-07
/weibo?q=%23%E6%9B%9D%E8%8C%83%E7%8E%AE%E7%90%AA%E4%B8%B4%E6%97%B6%E6%8D%A2%E6%AD%8C%23&t=31&band_rank=16&Refer=top,曝范玮琪临时换歌,2025-06-07
/weibo?q=%E5%85%A8%E5%9B%BD%E4%BA%8C%E5%8D%B7%20%E5%B0%86%E6%A2%A6%E8%B5%A0%E4%BA%88%E4%BB%96%E4%BA%BA&t=31&band_rank=17&Refer=top,全国二卷 将梦赠予他人,2025-06-07
/weibo?q=%E5%BF%98%E4%B8%8D%E4%BA%86%E6%9C%AC%E6%89%8B%E5%A6%99%E6%89%8B%E4%BF%97%E6%89%8B&t=31&band_rank=18&Refer=top,忘不了本手妙手俗手,2025-06-07
/weibo?q=%23%E8%B5%B5%E4%B8%BD%E9%A2%96%E9%98%BF%E7%8E%9B%E5%B0%BC%E6%98%A5%E5%A4%8F%E9%AB%98%E5%AE%9A%23&t=31&band_rank=19&Refer=top,赵丽颖阿玛尼春夏高定,2025-06-07
/weibo?q=%E4%BA%94%E5%93%88&t=31&band_rank=20&Refer=top,五哈,2025-06-07
/weibo?q=%E8%AF%AD%E6%96%87%E9%BB%98%E5%86%99&t=31&band_rank=21&Refer=top,语文默写,2025-06-07
/weibo?q=%23%E5%A4%9A%E8%B7%AF%E7%9B%B4%E5%87%BB2025%E9%AB%98%E8%80%83%E7%8E%B0%E5%9C%BA%23&t=31&band_rank=22&Refer=top,多路直击2025高考现场,2025-06-07
/weibo?q=%23%E9%9F%A6%E4%B8%9C%E5%A5%95%E7%A4%BE%E5%AA%92%E8%BF%99%E9%81%93%E9%A2%98%E5%B9%B6%E4%B8%8D%E6%AF%94%E6%95%B0%E5%AD%A6%E5%A5%BD%E8%A7%A3%23&t=31&band_rank=23&Refer=top,韦东奕社媒这道题并不比数学好解,2025-06-07
/weibo?q=%23%E8%B7%91%E7%94%B7%E8%BF%99%E6%9C%9F%E6%94%B6%E8%A7%86%E7%8E%87%E5%A5%BD%E9%AB%98%23&t=31&band_rank=24&Refer=top,跑男这期收视率好高,2025-06-07
/weibo?q=%E9%AB%98%E8%80%83%E6%97%B6%E9%97%B4&t=31&band_rank=25&Refer=top,高考时间,2025-06-07
/weibo?q=%23%E5%A5%B3%E5%AD%90%E5%9D%90%E6%9C%88%E5%AD%90%E5%90%B9%E7%A9%BA%E8%B0%83%E5%8F%91%E7%83%A739%E5%BA%A6%E8%BF%9B%E6%80%A5%E8%AF%8A%23&t=31&band_rank=26&Refer=top,女子坐月子吹空调发烧39度进急诊,2025-06-07
/weibo?q=%23%E9%9F%A6%E4%B8%9C%E5%A5%95%E4%B8%80%E5%A4%A9%E6%B6%A8%E7%B2%891000%E4%B8%87%23&t=31&band_rank=27&Refer=top,韦东奕一天涨粉1000万,2025-06-07
/weibo?q=%E5%A4%AA%E5%A5%BD%E4%BA%86%E6%98%AF%E8%8B%8F%E6%9C%89%E6%9C%8B%E7%9A%84%E9%9B%A8%E8%9D%B6%E6%88%91%E4%BB%AC%E6%9C%89%E6%95%91%E4%BA%86&t=31&band_rank=28&Refer=top,太好了是苏有朋的雨蝶我们有救了,2025-06-07
/weibo?q=%23%E8%8C%83%E7%8E%AE%E7%90%AA%E9%97%AE%E9%A9%AC%E5%98%89%E7%A5%BA%E6%98%AF%E7%BB%84%E5%90%88%E9%87%8C%E6%9C%80%E7%BA%A2%E7%9A%84%E5%90%97%23&t=31&band_rank=29&Refer=top,范玮琪问马嘉祺是组合里最红的吗,2025-06-07
/weibo?q=%23%E4%BA%AC%E4%B8%9C%E7%9B%B4%E6%92%AD%E4%B8%80%E5%85%83%E8%B5%B7%E6%8B%8Dlabubu%E9%80%81%E9%93%82%E9%87%91%E5%8C%85%23&t=31&band_rank=30&Refer=top,京东直播一元起拍labubu送铂金包,2025-06-07
/weibo?q=%E6%97%A0%E7%95%8F%20%E8%8F%9C&t=31&band_rank=31&Refer=top,无畏 菜,2025-06-07
/weibo?q=%23BTS%E6%88%90%E5%91%98%E9%80%80%E4%BC%8D%E5%85%AC%E5%91%8A%23&t=31&band_rank=32&Refer=top,BTS成员退伍公告,2025-06-07
/weibo?q=%23%E9%87%91%E9%A5%B0%E5%85%8B%E4%BB%B7%E4%B8%80%E5%A4%9C%E8%B7%8C13%E5%85%83%23&t=31&band_rank=33&Refer=top,金饰克价一夜跌13元,2025-06-07
/weibo?q=%23%E5%A5%B3%E5%AD%90%E8%96%85%E5%9B%BD%E5%AE%B6%E7%BE%8A%E6%AF%9B%E8%A2%AB%E5%88%A4%E4%B8%89%E5%B9%B4%23&t=31&band_rank=34&Refer=top,女子薅国家羊毛被判三年,2025-06-07
/weibo?q=%23%E5%A4%A7%E5%AD%A6%E7%94%9F%E9%92%88%E7%81%B8%E6%80%A5%E6%95%91%E6%99%95%E5%80%92%E9%AB%98%E8%80%83%E5%A5%B3%E7%94%9F%23&t=31&band_rank=35&Refer=top,大学生针灸急救晕倒高考女生,2025-06-07
/weibo?q=%23%E9%A6%96%E4%B8%AA%E6%BB%A1%E7%BA%A7QQ%E8%8E%B7%E5%BE%97%E9%87%91%E4%BC%81%E9%B9%85%23&t=31&band_rank=36&Refer=top,首个满级QQ获得金企鹅,2025-06-07
/weibo?q=%E4%B9%98%E9%A3%8E2025&t=31&band_rank=37&Refer=top,乘风2025,2025-06-07
/weibo?q=%232025%E9%AB%98%E8%80%83%E4%BD%9C%E6%96%87%E4%B8%8A%E6%B5%B7%E5%8D%B7%23&t=31&band_rank=38&Refer=top,2025高考作文上海卷,2025-06-07
/weibo?q=%E9%BB%98%E8%AF%BB%E5%B9%BF%E6%92%AD%E5%89%A7%E7%A0%B4%E4%B8%A4%E4%BA%BF&t=31&band_rank=39&Refer=top,默读广播剧破两亿,2025-06-07
/weibo?q=%E5%8C%97%E4%BA%AC%E4%BD%9C%E6%96%87%20%E5%BD%93%E6%95%B0%E5%AD%97%E9%97%AA%E8%80%80%E6%97%B6&t=31&band_rank=40&Refer=top,北京作文 当数字闪耀时,2025-06-07
/weibo?q=%E9%AB%98%E8%80%83%20%E4%B8%8B%E9%9B%A8&t=31&band_rank=41&Refer=top,高考 下雨,2025-06-07
/weibo?q=%23%E6%96%87%E9%9F%AC%E5%85%A8%E5%91%98%E5%8A%A0%E9%80%9F%E4%B8%AD%E7%AC%AC%E4%B8%80%E4%B8%AA%E8%A2%AB%E6%8A%93%23&t=31&band_rank=42&Refer=top,文韬全员加速中第一个被抓,2025-06-07
/weibo?q=%E5%90%AC%E5%8D%9A%E4%B8%BB%E7%9A%84%E4%B8%8D%E5%A6%82%E5%90%AC%E7%BD%91%E5%8F%8B%E7%9A%84&t=31&band_rank=43&Refer=top,听博主的不如听网友的,2025-06-07
/weibo?q=%23GAI%E8%AF%B4%E8%BF%98%E5%BE%97%E8%8B%9F%E4%B8%80%E6%9C%9F%E7%83%A6%E6%AD%BB%23&t=31&band_rank=44&Refer=top,GAI说还得苟一期烦死,2025-06-07
/weibo?q=%E4%B8%8A%E6%B5%B7%E5%8D%B7%20%E4%B8%93%E8%BD%AC%E4%BC%A0&t=31&band_rank=45&Refer=top,上海卷 专转传,2025-06-07
/weibo?q=%23%E4%BA%A1%E5%A4%AB%E8%B5%A0%E6%83%85%E4%BA%BA514%E4%B8%87%E8%A2%AB%E5%88%A4%E8%BF%94%E8%BF%98%23&t=31&band_rank=46&Refer=top,亡夫赠情人514万被判返还,2025-06-07
/weibo?q=%23%E6%9D%8E%E8%8D%A3%E6%B5%A9%E5%90%AC%E4%BA%86%E9%83%BD%E4%B8%8D%E7%9F%A5%E9%81%93%E8%BF%99%E6%98%AF%E4%BB%96%E7%9A%84%E6%AD%8C%23&t=31&band_rank=47&Refer=top,李荣浩听了都不知道这是他的歌,2025-06-07
/weibo?q=%23%E7%AC%AC%E4%B8%80%E6%89%B9%E8%B5%B0%E9%94%99%E8%80%83%E5%9C%BA%E7%9A%84%E5%AD%A6%E7%94%9F%E5%87%BA%E7%8E%B0%E4%BA%86%23&t=31&band_rank=48&Refer=top,第一批走错考场的学生出现了,2025-06-07
/weibo?q=%E4%B8%B4%E6%B1%9F%E4%BB%99&t=31&band_rank=49&Refer=top,临江仙,2025-06-07
/weibo?q=%23%E8%85%BE%E8%AE%AF%E5%9B%9E%E5%BA%94%E9%A6%96%E4%B8%AA%E6%BB%A1%E7%BA%A7QQ%E8%AF%9E%E7%94%9F%23&t=31&band_rank=50&Refer=top,腾讯回应首个满级QQ诞生,2025-06-07
/weibo?q=%23%E9%87%8D%E6%B8%A9%E6%80%BB%E4%B9%A6%E8%AE%B0%E5%AF%B9%E5%B9%BF%E5%A4%A7%E9%9D%92%E5%B9%B4%E7%9A%84%E6%B7%B1%E6%83%85%E5%AF%84%E8%AF%AD%23&Refer=new_time,重温总书记对广大青年的深情寄语,2025-06-07
/weibo?q=%232025%E9%AB%98%E8%80%83%E4%BD%9C%E6%96%87%E9%A2%98%E6%B1%87%E6%80%BB%23&t=31&band_rank=10&Refer=top,2025高考作文题汇总,2025-06-07
/weibo?q=%23%E4%BA%AC%E4%B8%9C%E5%BC%A0%E8%89%BA%E5%85%B4%E5%90%88%E6%8B%8D%23&t=31&band_rank=12&Refer=top,京东张艺兴合拍,2025-06-07
/weibo?q=%E6%96%B0%E8%AF%B4%E5%94%B1%E5%BC%80%E6%92%AD&t=31&band_rank=34&Refer=top,新说唱开播,2025-06-07
/weibo?q=%23%E5%85%A8%E5%9B%BD%E4%BA%8C%E5%8D%B7%E9%AB%98%E8%80%83%E4%BD%9C%E6%96%87%E5%86%99%E6%A2%A6%23&t=31&band_rank=35&Refer=top,全国二卷高考作文写梦,2025-06-07
/weibo?q=%E9%AB%98%E8%80%83%E4%BD%9C%E6%96%87%20%E6%8A%BD%E8%B1%A1&t=31&band_rank=36&Refer=top,高考作文 抽象,2025-06-07
/weibo?q=%E9%AB%98%E8%80%83%E4%BD%9C%E6%96%87%20%E9%9A%BE%E5%86%99&t=31&band_rank=38&Refer=top,高考作文 难写,2025-06-07
/weibo?q=%23%E9%BB%98%E8%AF%BB%E5%B9%BF%E6%92%AD%E5%89%A7%23&t=31&band_rank=39&Refer=top,默读广播剧,2025-06-07
/weibo?q=%23%E5%8C%97%E4%BA%AC%E9%AB%98%E8%80%83%E4%BD%9C%E6%96%87%E9%A2%98%E7%9B%AE%E7%AC%AC%E4%BA%8C%E6%AC%A1%E5%91%BC%E5%90%B8%23&t=31&band_rank=42&Refer=top,北京高考作文题目第二次呼吸,2025-06-07
/weibo?q=%232025%E5%9B%9B%E5%B7%9D%E9%AB%98%E8%80%83%E4%BD%9C%E6%96%87%E9%A2%98%E5%85%AC%E5%B8%83%23&t=31&band_rank=49&Refer=top,2025四川高考作文题公布,2025-06-07
/weibo?q=%E6%98%93%E6%A2%A6%E7%8E%B2%E5%AE%A1%E7%BE%8E&t=31&band_rank=50&Refer=top,易梦玲审美,2025-06-07
/weibo?q=%23%E7%89%B9%E6%9C%97%E6%99%AE%E8%AF%B4%E4%B9%8C%E7%BB%99%E4%BA%86%E6%99%AE%E4%BA%AC%E8%BD%B0%E7%82%B8%E7%9A%84%E7%90%86%E7%94%B1%23&t=31&band_rank=15&Refer=top,特朗普说乌给了普京轰炸的理由,2025-06-07
/weibo?q=%E8%82%96%E6%88%98%E5%A7%9C%E5%A6%8D%E8%92%8B%E5%A5%87%E6%98%8E%20%E9%A3%9E%E5%88%80&t=31&band_rank=30&Refer=top,肖战姜妍蒋奇明 飞刀,2025-06-07
/weibo?q=%E5%8C%97%E4%BA%AC%E4%BD%9C%E6%96%87%20%E7%AC%AC%E4%BA%8C%E6%AC%A1%E5%91%BC%E5%90%B8&t=31&band_rank=39&Refer=top,北京作文 第二次呼吸,2025-06-07
/weibo?q=%E9%99%88%E6%98%8A%E5%AE%87cha%E4%BA%86%E4%B8%87%E5%A6%AE%E8%BE%BE%E6%9C%89%E9%A6%99%E6%B0%94%E7%9A%84%E6%99%9A%E4%B8%8A&t=31&band_rank=40&Refer=top,陈昊宇cha了万妮达有香气的晚上,2025-06-07
/weibo?q=%E4%BA%BA%E6%97%A9%E6%99%9A%E6%98%AF%E4%BC%9A%E7%88%B1%E4%B8%8Alabubu%E7%9A%84&t=31&band_rank=41&Refer=top,人早晚是会爱上labubu的,2025-06-07
/weibo?q=%E9%AB%98%E8%80%83%E8%AF%AD%E6%96%87%E7%AD%94%E6%A1%88&t=31&band_rank=42&Refer=top,高考语文答案,2025-06-07
/weibo?q=%E5%A4%A9%E6%B4%A5%E4%BD%9C%E6%96%87%20%E7%AE%80%E5%8D%95&t=31&band_rank=44&Refer=top,天津作文 简单,2025-06-07
/weibo?q=%23Lululemon%E6%94%B6%E8%B7%8C20%25%23&t=31&band_rank=49&Refer=top,Lululemon收跌20%,2025-06-07
/weibo?q=%E8%AF%AD%E6%96%87%E9%98%85%E8%AF%BB&t=31&band_rank=50&Refer=top,语文阅读,2025-06-07
/weibo?q=%23%E5%A4%A9%E6%B4%A5%E5%8D%B7%E4%BD%9C%E6%96%87%E8%BE%90%E6%9D%A1%E8%BD%A6%E8%BD%AE%E8%BD%A6%E8%BE%86%23&t=31&band_rank=13&Refer=top,天津卷作文辐条车轮车辆,2025-06-07
/weibo?q=%23%E6%B1%9F%E8%A5%BF2%E5%B2%81%E8%82%9D%E7%97%85%E7%94%B7%E7%AB%A5%E6%AF%8D%E4%BA%B2%E5%9B%9E%E5%BA%94%E6%9C%AA%E5%B0%B1%E5%8C%BB%E8%B4%A8%E7%96%91%23&t=31&band_rank=14&Refer=top,江西2岁肝病男童母亲回应未就医质疑,2025-06-07
/weibo?q=%23%E7%96%91%E4%BC%BC%E8%BD%AC%E8%BD%AC%E6%A4%8D%E5%85%A5%E9%AB%98%E8%80%83%23&t=31&band_rank=23&Refer=top,疑似转转植入高考,2025-06-07
/weibo?q=%23%E8%B5%B5%E4%B8%BD%E9%A2%96%E7%A4%BC%E6%9C%8D%E4%B8%89%E6%AF%9B%23&t=31&band_rank=27&Refer=top,赵丽颖礼服三毛,2025-06-07
/weibo?q=%23%E8%8C%83%E7%8E%AE%E7%90%AAins%E5%9B%9E%E5%BA%94%E4%B8%8A%E6%AD%8C%E6%89%8B%23&t=31&band_rank=29&Refer=top,范玮琪ins回应上歌手,2025-06-07
/weibo?q=%E9%BC%93%E4%B9%A6%E8%89%BA%E4%BA%BA&t=31&band_rank=38&Refer=top,鼓书艺人,2025-06-07
/weibo?q=%E5%A4%A9%E6%B4%A5%E4%BD%9C%E6%96%87%20%E8%BD%AE%E6%AF%82&t=31&band_rank=39&Refer=top,天津作文 轮毂,2025-06-07
/weibo?q=%E4%BD%9C%E6%96%87%20%E8%B7%91%E9%A2%98&t=31&band_rank=43&Refer=top,作文 跑题,2025-06-07
/weibo?q=%E7%9C%8B%E5%88%B0%E9%A2%98%E7%9B%AE%E4%B8%A4%E7%9C%BC%E4%B8%80%E9%BB%91&t=31&band_rank=44&Refer=top,看到题目两眼一黑,2025-06-07
/weibo?q=%E9%87%91%E4%BB%B7&t=31&band_rank=49&Refer=top,金价,2025-06-07
/weibo?q=%23%E8%8B%8F%E9%86%92%E6%9C%8B%E5%8F%8B%E5%9C%88%E5%A4%B8%E9%A9%AC%E5%98%89%E7%A5%BA%23&t=31&band_rank=29&Refer=top,苏醒朋友圈夸马嘉祺,2025-06-07
/weibo?q=%E7%9C%8B%E5%9B%BE%E9%BB%98%E5%86%99&t=31&band_rank=32&Refer=top,看图默写,2025-06-07
/weibo?q=%232025%E9%AB%98%E8%80%83%E7%AC%AC%E4%B8%80%E6%89%B9%E6%98%BE%E7%9C%BC%E5%8C%85%E5%87%BA%E7%8E%B0%E4%BA%86%23&t=31&band_rank=33&Refer=top,2025高考第一批显眼包出现了,2025-06-07
/weibo?q=%23%E8%97%8F%E6%B5%B7%E6%AF%92%E8%9B%87%E7%AB%96%E7%9E%B3%23&t=31&band_rank=36&Refer=top,藏海毒蛇竖瞳,2025-06-07
/weibo?q=%23%E9%95%BF%E5%AE%89%E7%9A%84%E8%8D%94%E6%9E%9D%E4%BB%8A%E6%97%A5%E5%BC%80%E6%92%AD%23&t=31&band_rank=37&Refer=top,长安的荔枝今日开播,2025-06-07
/weibo?q=%23%E9%AB%98%E8%80%83%E7%AC%AC%E4%B8%80%E4%B8%AA%E8%B5%B0%E5%87%BA%E8%80%83%E5%9C%BA%E8%80%83%E7%94%9F%E5%8F%91%E5%A3%B0%23&t=31&band_rank=43&Refer=top,高考第一个走出考场考生发声,2025-06-07
/weibo?q=%E6%B1%9F%E8%8B%8F%E5%8D%AB%E8%A7%86%E5%8D%B3%E5%B0%86%E6%89%BF%E5%8C%85%E5%85%A8%E5%9B%BD%E4%B9%9D%E6%88%90%E7%AC%91%E7%82%B9&t=31&band_rank=47&Refer=top,江苏卫视即将承包全国九成笑点,2025-06-07
/weibo?q=22%E5%B9%B4%E9%AB%98%E8%80%83%E4%BD%9C%E6%96%87&t=31&band_rank=48&Refer=top,22年高考作文,2025-06-07
/weibo?q=%E7%8E%8B%E4%BF%8A%E5%87%AF%20%E6%8A%8A%E6%97%B6%E4%BB%A3%E5%B0%91%E5%B9%B4%E5%9B%A2%E8%AF%B7%E8%BF%87%E6%9D%A5&t=31&band_rank=8&Refer=top,王俊凯 把时代少年团请过来,2025-06-07
/weibo?q=%2311%E5%9F%8E%E5%85%AC%E4%BA%A4%E7%AB%99HPV%E7%A7%91%E6%99%AE%E5%96%8A%E8%AF%9D%E8%80%83%E7%94%9F%E5%A6%88%E5%A6%88%23&t=31&band_rank=20&Refer=top,11城公交站HPV科普喊话考生妈妈,2025-06-07
/weibo?q=%23%E6%9B%BE%E8%88%9C%E6%99%9E%E7%99%BD%E4%B9%9D%E6%80%9D%E5%8F%AF%E7%88%B1%E5%A4%9A%E6%9A%B4%E5%87%BB%23&t=31&band_rank=22&Refer=top,曾舜晞白九思可爱多暴击,2025-06-07
/weibo?q=%E6%9B%B9%E9%AA%8F%E7%BB%88%E4%BA%8E%E6%9C%89%E4%BA%86%E8%87%AA%E5%B7%B1%E7%9A%84%E5%90%8D%E7%89%8C&t=31&band_rank=24&Refer=top,曹骏终于有了自己的名牌,2025-06-07
/weibo?q=%E5%8E%BB%E5%B9%B4%E7%9A%84%E9%AB%98%E8%80%83%E4%BD%9C%E6%96%87&t=31&band_rank=39&Refer=top,去年的高考作文,2025-06-07
/weibo?q=22%E5%B1%8A%E6%B2%A1%E6%83%B9&t=31&band_rank=41&Refer=top,22届没惹,2025-06-07
/weibo?q=%23%E4%B8%AD%E5%9B%BD%E6%97%B6%E5%B0%9A%E4%BA%A7%E4%B8%9A%E7%9B%9B%E5%85%B8%23&t=31&band_rank=3&Refer=top,中国时尚产业盛典,2025-06-07
/weibo?q=%23%E6%B8%B8%E5%AE%A2%E7%A7%B0%E5%9C%A8%E6%B3%BE%E5%8E%BF%E5%81%9C%E8%BD%A6%E8%A2%AB%E9%A5%AD%E5%BA%97%E4%BA%BA%E5%91%98%E6%AE%B4%E6%89%93%23&t=31&band_rank=15&Refer=top,游客称在泾县停车被饭店人员殴打,2025-06-07
/weibo?q=%23%E5%AD%99%E4%BF%AA%E9%82%93%E8%B6%85%E7%BB%93%E5%A9%9A15%E5%91%A8%E5%B9%B4%23&t=31&band_rank=25&Refer=top,孙俪邓超结婚15周年,2025-06-07
/weibo?q=%23%E9%99%88%E8%B5%ABcue%E9%B9%BF%E6%99%97%E6%9C%B1%E5%BF%97%E9%91%AB%23&t=31&band_rank=27&Refer=top,陈赫cue鹿晗朱志鑫,2025-06-07
/weibo?q=%E9%9F%A9%E5%9B%BD%E5%B0%8F%E5%AD%A9%E6%98%AF%E7%8F%8D%E7%A8%80%E5%8A%A8%E7%89%A9%E6%80%8E%E4%B9%88%E8%BF%98%E8%83%BD%E5%BC%84%E4%B8%A2&t=31&band_rank=31&Refer=top,韩国小孩是珍稀动物怎么还能弄丢,2025-06-07
/weibo?q=22%E5%B9%B4%E8%80%83%E7%94%9F%E6%80%8E%E4%B9%88%E6%A0%B7%E4%BA%86&t=31&band_rank=34&Refer=top,22年考生怎么样了,2025-06-07
/weibo?q=%E4%B8%81%E7%9C%9F%E4%B8%BA%E5%A6%B9%E5%A6%B9%E5%87%BA%E9%92%B1%E4%B8%8A%E5%AD%A6&t=31&band_rank=37&Refer=top,丁真为妹妹出钱上学,2025-06-07
/weibo?q=Grace%20%E6%88%91%E6%9D%A5%E6%AD%8C%E6%89%8B%E5%8F%AA%E6%9C%89%E4%B8%80%E4%B8%AA%E7%9B%AE%E7%9A%84&t=31&band_rank=45&Refer=top,Grace 我来歌手只有一个目的,2025-06-07
/weibo?q=%23%E4%BE%AF%E4%BD%A9%E5%B2%91%E6%95%91%E5%9C%BA%23&t=31&band_rank=48&Refer=top,侯佩岑救场,2025-06-07
/weibo?q=%23%E8%83%A1%E8%8D%B7%E9%9F%AC%E6%97%A0%E7%BC%98%E4%B8%96%E7%95%8C%E6%9D%AF%E7%97%9B%E5%93%AD%E4%B8%8D%E6%AD%A2%23&t=31&band_rank=32&Refer=top,胡荷韬无缘世界杯痛哭不止,2025-06-07
/weibo?q=%23%E7%8E%8B%E4%BF%8A%E5%87%AF%E5%B1%B1%E6%B2%B3%E5%9B%BErap%23&t=31&band_rank=34&Refer=top,王俊凯山河图rap,2025-06-07
/weibo?q=%E6%97%A0%E7%95%8F%E5%A5%91%E7%BA%A6&t=31&band_rank=40&Refer=top,无畏契约,2025-06-07
/weibo?q=%23%E6%B3%A2%E9%9F%B3%E6%81%A2%E5%A4%8D%E5%AF%B9%E5%8D%8E%E9%A3%9E%E6%9C%BA%E4%BA%A4%E4%BB%98%23&t=31&band_rank=43&Refer=top,波音恢复对华飞机交付,2025-06-07
/weibo?q=%E9%82%93%E8%B6%85%20%E5%93%AD%E4%B8%80%E9%BC%BB%E5%AD%90&t=31&band_rank=45&Refer=top,邓超 哭一鼻子,2025-06-07
/weibo?q=%23%E6%97%B6%E4%BB%A3%E5%B0%91%E5%B9%B4%E5%9B%A2%E8%BD%AC%E5%8F%91%E6%94%AF%E6%8C%81%E4%B8%A5%E6%B5%A9%E7%BF%94%E6%96%B0%E7%BB%BC%E8%89%BA%23&t=31&band_rank=48&Refer=top,时代少年团转发支持严浩翔新综艺,2025-06-07
/weibo?q=%23%E9%AB%98%E8%80%83%E9%A6%96%E6%97%A5%E6%97%97%E5%BC%80%E5%BE%97%E8%83%9C%23&t=31&band_rank=12&Refer=top,高考首日旗开得胜,2025-06-07
/weibo?q=%23%E5%A6%88%E5%A6%88%E5%B2%97%E6%98%AF%E4%BB%80%E4%B9%88%E5%B2%97%23&t=31&band_rank=20&Refer=top,妈妈岗是什么岗,2025-06-07
/weibo?q=%E4%B8%8A%E5%AE%98%E6%AD%A3%E4%B9%89%E6%84%9F%E8%B0%A2%E5%B9%BF%E5%B7%9E%E7%95%AA%E7%A6%BA%E8%AD%A6%E6%96%B9&t=31&band_rank=39&Refer=top,上官正义感谢广州番禺警方,2025-06-07
/weibo?q=%23%E6%B9%BF%E6%B0%94%E6%9C%80%E9%87%8D%E7%9A%8415%E5%A4%A9%E6%9D%A5%E4%BA%86%23&t=31&band_rank=48&Refer=top,湿气最重的15天来了,2025-06-07
/weibo?q=%E7%99%BD%E9%B9%BF%E6%9D%8E%E9%9D%92%E6%9C%88V%E6%A6%9C%E7%A0%B49&t=31&band_rank=50&Refer=top,白鹿李青月V榜破9,2025-06-07
/weibo?q=%23%E4%B8%AD%E5%9B%BD%E7%94%B7%E6%B8%B8%E5%AE%A2%E5%9C%A8%E6%97%A5%E6%9C%AC%E8%A2%AB%E4%B8%80%E7%94%B7%E5%AD%90%E5%88%BA%E4%BC%A4%23&t=31&band_rank=27&Refer=top,中国男游客在日本被一男子刺伤,2025-06-07
/weibo?q=%23%E4%B9%98%E9%A3%8E%E4%B9%8B%E5%A4%9C%E5%98%89%E5%AE%BE%E5%AE%98%E5%AE%A3%23&t=31&band_rank=29&Refer=top,乘风之夜嘉宾官宣,2025-06-07
/weibo?q=%23%E7%8E%8B%E4%BF%8A%E5%87%AF%E6%97%8F%E9%95%BF%E5%8F%91%E8%AF%9D%E4%BA%86%23&t=31&band_rank=33&Refer=top,王俊凯族长发话了,2025-06-07
/weibo?q=%23%E7%89%B9%E6%9C%97%E6%99%AE%E7%A7%B0%E5%B0%86%E5%85%AC%E5%B8%83%E6%96%B0%E4%BB%BB%E7%BE%8E%E8%81%94%E5%82%A8%E4%B8%BB%E5%B8%AD%23&t=31&band_rank=40&Refer=top,特朗普称将公布新任美联储主席,2025-06-07
/weibo?q=%E5%BC%80%E6%94%BE%E6%80%A7%E9%BB%98%E5%86%99&t=31&band_rank=48&Refer=top,开放性默写,2025-06-07
/weibo?q=%23%E5%88%98%E5%86%B2%E5%8F%91%E7%9A%84VOGUE%E5%90%88%E7%85%A7%23&t=31&band_rank=49&Refer=top,刘冲发的VOGUE合照,2025-06-07
/weibo?q=%E4%BA%94%E6%97%AC%E8%80%81%E5%A4%AA%E5%AE%88%E5%9B%BD%E9%97%A8%20%E8%B0%81%E6%9D%A5%E5%88%B6%E8%A3%81%E5%8D%95%E4%BE%9D%E7%BA%AF&t=31&band_rank=15&Refer=top,五旬老太守国门 谁来制裁单依纯,2025-06-07
/weibo?q=%23%E6%9D%8E%E6%83%A0%E5%88%A9%E8%B7%B3Whiplash%23&t=31&band_rank=24&Refer=top,李惠利跳Whiplash,2025-06-07
/weibo?q=%23%E8%B5%B5%E4%B8%BD%E9%A2%96%E7%BA%BD%E7%BA%A6%E7%AC%AC%E4%BA%8C%E5%A5%97%23&t=31&band_rank=25&Refer=top,赵丽颖纽约第二套,2025-06-07
/weibo?q=%23%E6%9C%B4%E6%99%BA%E5%A6%8D%E8%8A%B1%E8%87%82%23&t=31&band_rank=30&Refer=top,朴智妍花臂,2025-06-07
/weibo?q=%23%E4%B8%8A%E6%B5%B7%E9%AB%98%E8%80%83%E4%BD%9C%E6%96%87%E5%87%BA%E5%A4%84%E4%BD%9C%E8%80%85%E5%8F%91%E5%A3%B0%23&t=31&band_rank=31&Refer=top,上海高考作文出处作者发声,2025-06-07
/weibo?q=%23%E9%9F%A9%E5%AE%89%E5%86%89%E6%83%B3%E8%AE%A9%E5%A5%B3%E5%84%BF%E4%B8%8A%E7%BB%BC%E8%89%BA%E8%A2%AB%E6%8B%92%23&t=31&band_rank=32&Refer=top,韩安冉想让女儿上综艺被拒,2025-06-07
/weibo?q=%23%E4%B8%A5%E6%B5%A9%E7%BF%94%E5%8C%97%E7%94%B5%E4%BA%BA%E5%8C%97%E7%94%B5%E9%AD%82%23&t=31&band_rank=35&Refer=top,严浩翔北电人北电魂,2025-06-07
/weibo?q=%E5%88%98%E5%AE%87%E5%AE%81%E6%8A%98%E8%85%B0%E6%94%B6%E5%AE%98%E5%8F%91%E6%96%87&t=31&band_rank=37&Refer=top,刘宇宁折腰收官发文,2025-06-07
/weibo?q=%23%E5%8C%97%E5%A4%A7%E7%9A%84%E9%9F%A6%E4%B8%9C%E5%A5%95%E4%B8%8E%E9%99%B6%E5%93%B2%E8%BD%A9%E7%9B%B8%E6%AF%94%E5%A6%82%E4%BD%95%23&t=31&band_rank=20&Refer=top,北大的韦东奕与陶哲轩相比如何,2025-06-07
/weibo?q=%23%E9%A9%AC%E6%96%AF%E5%85%8B%E7%88%B6%E4%BA%B2%E7%A7%B0%E5%84%BF%E5%AD%90%E5%BE%97%E6%8E%A5%E5%8F%97%E8%87%AA%E5%B7%B1%E4%B8%8D%E6%98%AF%E7%BB%9F%E5%B8%85%23&t=31&band_rank=24&Refer=top,马斯克父亲称儿子得接受自己不是统帅,2025-06-07
/weibo?q=%E5%B9%BF%E6%92%AD%E5%89%A7%E9%9B%86%E4%BD%93%E4%B8%BA%E9%AB%98%E8%80%83%E5%8A%A0%E6%B2%B9&t=31&band_rank=25&Refer=top,广播剧集体为高考加油,2025-06-07
/weibo?q=%E7%8E%8B%E8%80%81%E5%90%89%20LadyGaga&t=31&band_rank=33&Refer=top,王老吉 LadyGaga,2025-06-07
/weibo?q=%23%E4%BD%95%E7%A7%8B%E4%BA%8A%E6%96%B9%E6%89%BF%E8%AE%A4%E7%AC%AC%E4%B8%89%E6%96%B9%E6%8A%84%E8%A2%AD%E8%AF%9D%E7%AD%92%23&t=31&band_rank=38&Refer=top,何秋亊方承认第三方抄袭话筒,2025-06-07
/weibo?q=%E7%94%B7%E5%AD%90%E7%8E%A9%E5%AF%86%E5%AE%A4%E5%AF%B9%E5%A5%B3%E9%AC%BCNPC%E6%91%B8%E8%85%BF%E6%90%82%E8%85%B0&t=31&band_rank=39&Refer=top,男子玩密室对女鬼NPC摸腿搂腰,2025-06-07
/weibo?q=%E8%8A%B126%E4%B8%87%E8%87%AA%E8%A3%85%E4%BA%86%E5%A5%97%E5%86%8599%E5%B9%B3%E7%9A%84%E5%AE%B6&t=31&band_rank=40&Refer=top,花26万自装了套内99平的家,2025-06-07
/weibo?q=%23%E4%B8%80%E4%B8%AD%E5%9B%BD%E6%B8%B8%E5%AE%A2%E5%9C%A8%E6%97%A5%E6%9C%AC%E4%BA%AC%E9%83%BD%E8%A2%AB%E7%A0%8D%E4%BC%A4%23&t=31&band_rank=41&Refer=top,一中国游客在日本京都被砍伤,2025-06-07
/weibo?q=%23%E5%A6%88%E5%A6%88%E4%BA%B2%E6%89%8B%E5%81%9A985%E5%85%83%E7%8E%B0%E9%87%91%E8%8A%B1%E6%9D%9F%E7%AD%89%E9%AB%98%E8%80%83%E5%AD%A9%E5%AD%90%23&t=31&band_rank=42&Refer=top,妈妈亲手做985元现金花束等高考孩子,2025-06-07
/weibo?q=%23%E8%B5%B5%E4%B8%BD%E9%A2%96%E6%9F%93%E5%9B%9E%E9%BB%91%E5%8F%91%E4%BA%86%23&t=31&band_rank=47&Refer=top,赵丽颖染回黑发了,2025-06-07
/weibo?q=%23%E8%B7%AF%E6%98%93%E5%90%89%E6%97%A5%E8%AE%B0%E8%A2%AB%E6%9B%9D%E5%85%89%23&t=31&band_rank=30&Refer=top,路易吉日记被曝光,2025-06-07
/weibo?q=%23%E4%B8%A5%E6%B5%A9%E7%BF%94%E6%88%91%E4%B8%BA%E4%BB%80%E4%B9%88%E8%A6%81%E8%80%83%E4%B8%AD%E6%88%8F%23&t=31&band_rank=31&Refer=top,严浩翔我为什么要考中戏,2025-06-07
/weibo?q=%E4%B8%83%E6%A0%B9%E5%BF%83%E7%AE%80&t=31&band_rank=34&Refer=top,七根心简,2025-06-07
/weibo?q=%23%E5%AD%99%E9%A2%96%E8%8E%8E%E9%AB%98%E8%80%83%E7%A5%9D%E7%A6%8F%E6%B5%B7%E6%8A%A5%23&t=31&band_rank=40&Refer=top,孙颖莎高考祝福海报,2025-06-07
/weibo?q=%E5%A7%9C%E4%BA%91%E5%8D%87%20%E6%96%B0%E8%AF%B4%E5%94%B1&t=31&band_rank=43&Refer=top,姜云升 新说唱,2025-06-07
/weibo?q=%E8%AF%AD%E6%96%87%20%E7%A7%8D%E6%A0%91%E8%80%81%E5%A4%B4&t=31&band_rank=44&Refer=top,语文 种树老头,2025-06-07
/weibo?q=%23%E8%80%81%E8%88%8D%E5%9C%A8%E6%AD%A6%E6%B1%89%E6%8A%97%E6%88%98%E4%BA%8B%E8%BF%B9%E8%BF%9B%E5%85%A5%E9%AB%98%E8%80%83%E8%AF%AD%E6%96%87%23&t=31&band_rank=10&Refer=top,老舍在武汉抗战事迹进入高考语文,2025-06-07
/weibo?q=%23%E5%87%A0%E5%8D%81%E5%85%83%E5%B0%B1%E8%83%BD%E5%AD%A6%E5%88%B0%E6%8A%84%E8%A2%AD%E5%8E%9F%E5%88%9B%E6%8A%80%E5%B7%A7%23&t=31&band_rank=15&Refer=top,几十元就能学到抄袭原创技巧,2025-06-07
/weibo?q=%23%E5%9B%BD%E4%BA%A7%E4%B9%9D%E4%BB%B7HPV%E7%96%AB%E8%8B%97%E4%B8%8E%E8%BF%9B%E5%8F%A3%E7%9A%84%E8%AF%A5%E5%A6%82%E4%BD%95%E9%80%89%E6%8B%A9%23&t=31&band_rank=29&Refer=top,国产九价HPV疫苗与进口的该如何选择,2025-06-07
/weibo?q=%23%E9%80%81%E8%80%83%E7%94%B7%E5%AD%90%E7%A7%B0%E8%80%83%E5%88%86%E4%BD%8E%E4%BA%8E%E9%A2%84%E6%9C%9F%E7%BB%93%E6%9E%9C%E4%B8%8A%E6%B8%85%E5%8D%8E%23&t=31&band_rank=31&Refer=top,送考男子称考分低于预期结果上清华,2025-06-07
/weibo?q=%E7%8E%8B%E4%B8%80%E7%8F%A9%E6%99%92%E7%A7%8D%E5%9C%B0%E5%90%A7%E6%9D%80%E9%9D%92%E7%85%A7&t=31&band_rank=32&Refer=top,王一珩晒种地吧杀青照,2025-06-07
/weibo?q=%23%E5%BA%97%E4%B8%BB%E5%9C%A8%E5%87%89%E8%8C%B6%E4%B8%AD%E6%B7%BB%E5%8A%A0%E5%B8%83%E6%B4%9B%E8%8A%AC%23&t=31&band_rank=39&Refer=top,店主在凉茶中添加布洛芬,2025-06-07
/weibo?q=%23%E6%96%87%E6%98%8E%E7%BD%91%E4%BA%8B%E6%9C%89%E4%BA%86%E7%A7%91%E6%8A%80buff%E5%8A%A0%E6%8C%81%23&t=31&band_rank=40&Refer=top,文明网事有了科技buff加持,2025-06-07
/weibo?q=%23%E5%90%89%E5%88%A9%E9%AB%98%E7%AE%A1%E7%97%9B%E6%89%B9%E4%BA%89%E5%BD%93%E5%8D%B7%E7%8E%8B%E4%BB%A5%E5%8D%B7%E4%B8%BA%E8%8D%A3%23&t=31&band_rank=46&Refer=top,吉利高管痛批争当卷王以卷为荣,2025-06-07
/weibo?q=%23iPhone17%E6%A0%87%E5%87%86%E7%89%88%E6%88%96%E7%BC%A9%E5%B0%8F%E7%81%B5%E5%8A%A8%E5%B2%9B%23&t=31&band_rank=47&Refer=top,iPhone17标准版或缩小灵动岛,2025-06-07
/weibo?q=%23%E5%BC%A0%E6%9C%AC%E7%BE%8E%E5%92%8C%E7%BC%BA%E5%B8%AD%E4%B9%92%E8%B6%85%E7%AC%AC%E4%B8%80%E9%98%B6%E6%AE%B5%23&t=31&band_rank=48&Refer=top,张本美和缺席乒超第一阶段,2025-06-07
/weibo?q=%23%E8%80%83%E5%AE%8C%E4%B8%80%E7%A7%91%E5%BF%98%E4%B8%80%E7%A7%91%23&t=31&band_rank=13&Refer=top,考完一科忘一科,2025-06-07
/weibo?q=%23%E5%85%A8%E6%99%BA%E8%B4%A4%E8%80%81%E5%85%AC%E7%82%92%E5%B8%81%E4%BA%8F%E4%BA%86150%E4%BA%BF%23&t=31&band_rank=17&Refer=top,全智贤老公炒币亏了150亿,2025-06-07
/weibo?q=%E4%BA%8E%E5%B0%8F%E5%BD%A4%20%E5%8E%9F%E6%9D%A5%E5%BE%97%E4%BA%86%E7%BB%9D%E7%97%87%E4%B8%8D%E4%BC%9A%E5%93%AD&t=31&band_rank=27&Refer=top,于小彤 原来得了绝症不会哭,2025-06-07
/weibo?q=%23%E5%A6%88%E5%A6%88%E4%B8%BA%E5%84%BF%E5%AD%90%E9%AB%98%E8%80%83%E6%8F%90%E5%89%8D100%E5%A4%A9%E7%A7%8D%E5%90%91%E6%97%A5%E8%91%B5%23&t=31&band_rank=30&Refer=top,妈妈为儿子高考提前100天种向日葵,2025-06-07
/weibo?q=%23%E9%B8%BF%E8%92%99%E7%89%88%E5%BE%AE%E4%BF%A1%E5%AE%89%E8%A3%85%E9%87%8F%E8%B6%85510%E4%B8%87%23&t=31&band_rank=31&Refer=top,鸿蒙版微信安装量超510万,2025-06-07
/weibo?q=%E4%B8%81%E5%A4%AA%E5%8D%87&t=31&band_rank=32&Refer=top,丁太升,2025-06-07
/weibo?q=%23%E5%AD%99%E4%BF%AA%E9%82%93%E8%B6%85%E7%9A%84%E5%AD%A9%E5%AD%90%E4%B8%80%E4%B8%AA14%E5%B2%81%E4%B8%80%E4%B8%AA11%E5%B2%81%23&t=31&band_rank=33&Refer=top,孙俪邓超的孩子一个14岁一个11岁,2025-06-07
/weibo?q=%23%E9%AB%98%E8%80%83%E5%BA%94%E6%8F%B4%E5%B7%B2%E7%BB%8F%E8%BF%9B%E5%8C%96%E5%88%B0%E8%BF%99%E7%A7%8D%E7%A8%8B%E5%BA%A6%E4%BA%86%23&t=31&band_rank=40&Refer=top,高考应援已经进化到这种程度了,2025-06-07
/weibo?q=%23%E6%98%93%E7%83%8A%E5%8D%83%E7%8E%BA%E4%BB%A5%E7%9F%B3%E9%97%AE%E5%BF%83%23&t=31&band_rank=42&Refer=top,易烊千玺以石问心,2025-06-07
/weibo?q=%E5%81%B6%E9%81%87%E5%BC%A0%E4%BA%88%E6%9B%A6%E5%BD%95%E6%88%91%E5%AE%B6%E9%82%A3%E9%97%BA%E5%A5%B3&t=31&band_rank=44&Refer=top,偶遇张予曦录我家那闺女,2025-06-07
/weibo?q=%E4%B8%81%E7%A8%8B%E9%91%AB%E4%BD%A0%E8%AF%B4%E4%BD%A0%E6%83%B9%E8%B0%A2%E5%A8%9C%E5%B9%B2%E5%98%9B&t=31&band_rank=45&Refer=top,丁程鑫你说你惹谢娜干嘛,2025-06-07
/weibo?q=%E8%8B%8F%E8%B6%85%E4%B8%BA%E4%BD%95%E5%A6%82%E6%AD%A4%E6%8A%B5%E5%88%B6%E8%B6%B3%E5%8D%8F&t=31&band_rank=50&Refer=top,苏超为何如此抵制足协,2025-06-07
/weibo?q=%23%E9%80%80%E4%BC%91%E6%95%99%E6%8E%88%E8%A2%AB%E6%9B%9D%E9%9B%A8%E5%A4%9C%E7%88%AC%E5%B1%B1%E5%A4%B1%E8%B6%B3%E5%9D%A0%E5%B4%96%E8%BA%AB%E4%BA%A1%23&t=31&band_rank=18&Refer=top,退休教授被曝雨夜爬山失足坠崖身亡,2025-06-07
/weibo?q=%23%E7%94%B7%E5%AD%90%E5%96%9D3%E6%96%A4%E7%99%BD%E9%85%92%E5%BC%80%E6%99%BA%E9%A9%BE%E4%B8%8A%E9%AB%98%E9%80%9F%23&t=31&band_rank=20&Refer=top,男子喝3斤白酒开智驾上高速,2025-06-07
/weibo?q=%23%E8%83%A1%E9%94%A1%E8%BF%9B%E8%B0%88%E9%A9%AC%E6%96%AF%E5%85%8B%E7%89%B9%E6%9C%97%E6%99%AE%E5%85%B3%E7%B3%BB%E7%A0%B4%E8%A3%82%23&t=31&band_rank=29&Refer=top,胡锡进谈马斯克特朗普关系破裂,2025-06-07
/weibo?q=%23%E8%AD%A6%E5%8F%B7985%E7%A1%AC%E6%A0%B8%E6%8A%A4%E8%80%83%23&t=31&band_rank=34&Refer=top,警号985硬核护考,2025-06-07
/weibo?q=%E4%B8%A5%E6%B5%A9%E7%BF%94%20%E6%96%B0%E8%AF%B4%E5%94%B1%E5%AF%BC%E5%B8%88&t=31&band_rank=41&Refer=top,严浩翔 新说唱导师,2025-06-07
/weibo?q=%E5%AE%81%E8%89%BA%E5%8D%93%E4%B8%8A%E6%B5%B7&t=31&band_rank=43&Refer=top,宁艺卓上海,2025-06-07
/weibo?q=%23%E6%A8%8A%E6%8C%AF%E4%B8%9C%E6%BC%94%E7%BB%8E%E8%BF%87%E7%AC%AC%E4%BA%8C%E6%AC%A1%E5%91%BC%E5%90%B8%23&t=31&band_rank=45&Refer=top,樊振东演绎过第二次呼吸,2025-06-07
/weibo?q=%E9%AB%98%E8%80%83%E7%BB%93%E6%9D%9F%20%E5%81%9A%E7%BE%8E%E7%94%B2&t=31&band_rank=46&Refer=top,高考结束 做美甲,2025-06-07
/weibo?q=%23%E5%AF%B9%E5%BA%94%E5%B1%8A%E7%94%9F%E7%89%B9%E5%88%AB%E5%8F%8B%E5%A5%BD%E7%9A%84%E9%9D%A2%E8%AF%95%E6%96%B9%E5%BC%8F%23&t=31&band_rank=49&Refer=top,对应届生特别友好的面试方式,2025-06-07
/weibo?q=%E6%9D%83%E5%BF%97%E9%BE%99%E6%BC%94%E5%94%B1%E4%BC%9A%E4%B8%8A%E5%BA%A7%E7%8E%87%E5%A5%BD%E9%AB%98%E5%95%8A&t=31&band_rank=27&Refer=top,权志龙演唱会上座率好高啊,2025-06-07
/weibo?q=%E5%90%91%E4%BD%90%E6%80%8E%E4%B9%88%E7%98%A6%E6%88%90%E8%BF%99%E6%A0%B7%E4%BA%86&t=31&band_rank=35&Refer=top,向佐怎么瘦成这样了,2025-06-07
/weibo?q=%23%E7%8E%B0%E5%AE%9E%E7%89%88%E5%A4%AA%E4%B9%99%E9%A3%9E%E7%8C%AA%23&t=31&band_rank=45&Refer=top,现实版太乙飞猪,2025-06-07
/weibo?q=%E9%9A%BE%E6%80%AA%E4%B8%83%E6%A0%B9%E5%BF%83%E7%AE%80%E4%B8%AD%E5%8D%88%E6%92%AD&t=31&band_rank=50&Refer=top,难怪七根心简中午播,2025-06-07
/weibo?q=%E9%AB%98%E8%80%83%E6%95%B0%E5%AD%A6&t=31&band_rank=2&Refer=top,高考数学,2025-06-07
/weibo?q=%23%E6%80%BB%E7%BB%9F%E8%BF%98%E5%89%A93.5%E5%B9%B4%E9%A9%AC%E6%96%AF%E5%85%8B%E4%BC%9A%E6%B4%BB%E8%B7%8340%E5%A4%9A%E5%B9%B4%23&t=31&band_rank=17&Refer=top,总统还剩3.5年马斯克会活跃40多年,2025-06-07
/weibo?q=%E7%89%B9%E6%9C%97%E6%99%AE%E9%A9%AC%E6%96%AF%E5%85%8B%E6%9C%AA%E6%9D%A5%E5%85%B3%E7%B3%BB%E4%BC%9A%E5%A6%82%E4%BD%95%E5%8F%98%E5%8C%96&t=31&band_rank=30&Refer=top,特朗普马斯克未来关系会如何变化,2025-06-07
/weibo?q=%E8%BF%AA%E6%8B%9C%E4%BC%9A%E6%88%90%E4%B8%BA%E4%B8%8B%E4%B8%80%E4%B8%AA%E7%BC%85%E5%8C%97%E5%90%97&t=31&band_rank=39&Refer=top,迪拜会成为下一个缅北吗,2025-06-07
/weibo?q=%E5%8D%B0843%E5%90%8D%E7%94%98%E8%94%97%E5%A5%B3%E5%B7%A5%E6%8E%A5%E5%8F%97%E5%AD%90%E5%AE%AB%E5%88%87%E9%99%A4&t=31&band_rank=47&Refer=top,印843名甘蔗女工接受子宫切除,2025-06-07
/weibo?q=%23%E5%9B%BD%E4%B9%92%E6%80%BB%E6%95%99%E7%BB%83%E6%9D%8E%E9%9A%BC%E5%A5%B3%E5%84%BF%E7%BB%93%E5%A9%9A%23&t=31&band_rank=12&Refer=top,国乒总教练李隼女儿结婚,2025-06-07
/weibo?q=%2378%E5%B2%81%E7%88%B7%E7%88%B7%E9%80%81%E6%B8%90%E5%86%BB%E7%97%87%E5%AD%99%E5%AD%90%E8%B5%B4%E8%80%83%23&t=31&band_rank=13&Refer=top,78岁爷爷送渐冻症孙子赴考,2025-06-07
/weibo?q=%23%E6%9B%B9%E9%AA%8F%E9%83%91%E5%90%88%E6%83%A0%E5%AD%90cp%E6%84%9F%23&t=31&band_rank=25&Refer=top,曹骏郑合惠子cp感,2025-06-07
/weibo?q=%23%E6%9C%9D%E9%B2%9C%E5%8F%91%E7%94%9F%E7%BD%91%E7%BB%9C%E4%B8%AD%E6%96%AD%23&t=31&band_rank=29&Refer=top,朝鲜发生网络中断,2025-06-07
/weibo?q=%E5%80%AA%E8%90%8D%E8%AF%B4%E6%9D%A5%E4%B9%98%E9%A3%8E%E5%8F%AF%E4%BB%A5%20%E4%B8%8B%E4%B8%80%E8%BE%88%E5%AD%90&t=31&band_rank=36&Refer=top,倪萍说来乘风可以 下一辈子,2025-06-07
/weibo?q=%E9%9A%BE%E5%93%84%E5%96%9C%E5%89%A7%E7%89%88%E6%9C%89%E8%84%B8%E4%BA%86&t=31&band_rank=42&Refer=top,难哄喜剧版有脸了,2025-06-07
/weibo?q=%E6%97%B6%E9%97%B4%E4%B9%8B%E5%AD%90%E7%BB%93%E5%B1%80%E7%9C%9F%E7%9A%84%E6%98%AFhe&t=31&band_rank=43&Refer=top,时间之子结局真的是he,2025-06-07
/weibo?q=%23%E5%8D%B0%E5%B0%BC%E5%B0%86%E5%86%9B%E6%8F%90%E5%88%B0%E6%AD%BC10%E7%AC%91%E5%BE%97%E5%BE%88%E5%BC%80%E5%BF%83%23&t=31&band_rank=10&Refer=top,印尼将军提到歼10笑得很开心,2025-06-07
/weibo?q=%23%E6%B3%BE%E5%8E%BF%E6%96%87%E6%97%85%E5%B1%80%E5%90%91%E8%94%A1%E6%9F%90%E5%8F%8A%E5%85%B6%E5%AE%B6%E4%BA%BA%E8%87%B4%E6%AD%89%23&t=31&band_rank=15&Refer=top,泾县文旅局向蔡某及其家人致歉,2025-06-07
/weibo?q=%23%E5%9D%90%E6%9C%88%E5%AD%90%E6%9C%9F%E9%97%B4%E4%B8%BA%E4%BD%95%E4%B8%8D%E8%83%BD%E5%90%B9%E7%A9%BA%E8%B0%83%23&t=31&band_rank=20&Refer=top,坐月子期间为何不能吹空调,2025-06-07
/weibo?q=%23%E9%A6%96%E4%B8%AA%E8%B5%B0%E5%87%BA%E8%80%83%E5%9C%BA%E7%9A%84%E5%AD%A6%E9%9C%B8%E7%AB%9F%E6%98%AF%E9%AB%98%E4%BA%8C%E4%BD%93%E9%AA%8C%E7%94%9F%23&t=31&band_rank=23&Refer=top,首个走出考场的学霸竟是高二体验生,2025-06-07
/weibo?q=%23%E7%89%B9%E6%9C%97%E6%99%AE%E6%9A%82%E6%97%B6%E4%B8%8D%E6%89%93%E7%AE%97%E5%92%8C%E9%A9%AC%E6%96%AF%E5%85%8B%E8%AF%B4%E8%AF%9D%23&t=31&band_rank=30&Refer=top,特朗普暂时不打算和马斯克说话,2025-06-07
/weibo?q=%E7%BE%A4%E4%BC%97%E5%8C%85%E5%9B%B4%E6%B4%9B%E6%9D%89%E7%9F%B6%E8%81%94%E9%82%A6%E6%8B%98%E7%95%99%E4%B8%AD%E5%BF%83&t=31&band_rank=39&Refer=top,群众包围洛杉矶联邦拘留中心,2025-06-07
/weibo?q=%23%E8%B5%B5%E6%99%AE%E5%91%BC%E5%90%81%E5%8C%97%E5%A4%A7%E5%85%B3%E5%BF%83%E5%B9%B2%E9%A2%84%E9%9F%A6%E4%B8%9C%E5%A5%95%E5%81%A5%E5%BA%B7%23&t=31&band_rank=41&Refer=top,赵普呼吁北大关心干预韦东奕健康,2025-06-07
/weibo?q=%23%E5%AD%A6%E6%A0%A1%E5%91%98%E5%B7%A5%E5%9B%9E%E5%BA%94%E7%A1%AE%E6%9C%89%E8%80%81%E5%B8%88%E6%84%8F%E5%A4%96%E5%8E%BB%E4%B8%96%23&t=31&band_rank=44&Refer=top,学校员工回应确有老师意外去世,2025-06-07
/weibo?q=%E4%BA%91%E5%90%88&t=31&band_rank=49&Refer=top,云合,2025-06-07
/weibo?q=%23%E5%84%BF%E5%AD%90%E8%BF%9B%E8%80%83%E5%9C%BA48%E5%B2%81%E7%9A%84%E7%88%B6%E4%BA%B2%E5%93%AD%E4%BA%86%23&t=31&band_rank=50&Refer=top,儿子进考场48岁的父亲哭了,2025-06-07
/weibo?q=%23%E6%95%96%E7%91%9E%E9%B9%8F%E4%B8%83%E6%A0%B9%E5%BF%83%E7%AE%80%E9%94%80%E5%86%A0%23&t=31&band_rank=18&Refer=top,敖瑞鹏七根心简销冠,2025-06-07
/weibo?q=%23%E9%AB%98%E8%80%83%E7%9C%8B%E5%9B%BE%E5%86%99%E8%AF%97%E5%A4%A7%E8%B5%9B%23&t=31&band_rank=25&Refer=top,高考看图写诗大赛,2025-06-07
/weibo?q=%E6%B2%A1%E6%9C%89%E5%85%A8%E5%9B%BD%E7%94%B2%E4%B9%99%E5%8D%B7%E4%BA%86&t=31&band_rank=28&Refer=top,没有全国甲乙卷了,2025-06-07
/weibo?q=%E7%AC%AC%E4%BA%94%E4%BA%BA%E6%A0%BC&t=31&band_rank=29&Refer=top,第五人格,2025-06-07
/weibo?q=%23Wolves%E5%AF%B9%E6%88%98%E5%8C%97%E4%BA%ACWBG%23&t=31&band_rank=31&Refer=top,Wolves对战北京WBG,2025-06-07
/weibo?q=%23%E5%88%98%E5%AE%87%E5%AE%81%E5%8D%95%E4%BA%BA%E6%92%95%E6%8B%89%E7%89%87%23&t=31&band_rank=32&Refer=top,刘宇宁单人撕拉片,2025-06-07
/weibo?q=Yamy%E8%B4%A8%E7%96%91%E8%AF%BA%E7%B1%B3%E6%99%8B%E7%BA%A7&t=31&band_rank=43&Refer=top,Yamy质疑诺米晋级,2025-06-07
/weibo?q=%E4%BF%9D%E6%8A%A4%E6%B0%94%E8%A1%80%E6%9C%80%E7%AE%80%E5%8D%95%E7%9A%84%E6%96%B9%E6%B3%95&t=31&band_rank=48&Refer=top,保护气血最简单的方法,2025-06-07
/weibo?q=%23%E7%94%B7%E7%94%9F%E9%AB%98%E8%80%83%E8%A2%AB%E5%8D%95%E7%8B%AC%E5%88%86%E5%88%B0%E4%B8%80%E4%B8%AA%E6%95%99%E5%AE%A4%23&t=31&band_rank=49&Refer=top,男生高考被单独分到一个教室,2025-06-07
/weibo?q=%E8%B7%9F%E7%9D%80%E6%80%BB%E4%B9%A6%E8%AE%B0%E5%BB%BA%E8%AE%BE%E7%BE%8E%E4%B8%BD%E4%B8%AD%E5%9B%BD&Refer=new_time,跟着总书记建设美丽中国,2025-06-07
/weibo?q=%E6%88%91%E7%AB%9F%E7%84%B6%E6%8A%BC%E4%B8%AD%E4%BA%86%E9%AB%98%E8%80%83%E4%BD%9C%E6%96%87&t=31&band_rank=6&Refer=top,我竟然押中了高考作文,2025-06-07
/weibo?q=%23%E6%A2%81%E5%AE%9E%E7%AC%AC29%E6%AC%A1%E8%80%83%E5%AE%8C%E9%AB%98%E8%80%83%E8%AF%AD%E6%96%87%E5%90%8E%E8%AF%B4%E6%9C%89%E7%82%B9%E6%82%AC%23&t=31&band_rank=14&Refer=top,梁实第29次考完高考语文后说有点悬,2025-06-07
/weibo?q=%23%E5%A5%B3%E6%80%A7%E5%AF%86%E5%AE%A4NPC%E8%AF%A5%E5%A6%82%E4%BD%95%E4%BF%9D%E6%8A%A4%E8%87%AA%E5%B7%B1%23&t=31&band_rank=23&Refer=top,女性密室NPC该如何保护自己,2025-06-07
/weibo?q=%23%E4%B8%A5%E6%B5%A9%E7%BF%94%E4%B8%87%E5%A6%AE%E8%BE%BE%E8%85%B9%E8%AF%AD%E6%9A%97%E5%8F%B7%23&t=31&band_rank=29&Refer=top,严浩翔万妮达腹语暗号,2025-06-07
/weibo?q=%E6%8A%98%E8%85%B0%E5%BA%86%E5%8A%9F%E5%AE%B4&t=31&band_rank=34&Refer=top,折腰庆功宴,2025-06-07
/weibo?q=%E7%8E%8B%E6%98%9F%E8%B6%8A%E6%9E%9C%E7%84%B6%E6%9C%80%E7%88%B1%E7%9A%84%E6%98%AF%E7%8E%8B%E5%AD%90%E5%A5%87&t=31&band_rank=42&Refer=top,王星越果然最爱的是王子奇,2025-06-07
/weibo?q=%E9%BB%84%E5%AD%90%E9%9F%AC%E6%8B%89%E8%AF%BA%E7%B1%B3%E6%89%8B%E8%AE%A9%E4%BB%96%E6%89%BE%E5%9B%9E%E8%87%AA%E5%B7%B1&t=31&band_rank=50&Refer=top,黄子韬拉诺米手让他找回自己,2025-06-07
/weibo?q=%23%E4%B8%8D%E8%B4%9F%E9%9D%92%E6%98%A5%E4%B8%8D%E8%B4%9F%E9%9F%B6%E5%8D%8E%23&Refer=new_time,不负青春不负韶华,2025-06-07
/weibo?q=%E9%AB%98%E8%80%83%E6%95%B0%E5%AD%A6%E9%9A%BE%E4%B8%8D%E9%9A%BE&t=31&band_rank=2&Refer=top,高考数学难不难,2025-06-07
/weibo?q=%23%E5%8D%97%E6%98%8C%E8%80%83%E5%9C%BA%E7%8E%B0%E6%98%BE%E7%9C%BC%E5%8C%85%E5%A4%A7%E5%96%8A%E5%BF%AB%E9%87%87%E8%AE%BF%E6%88%91%23&t=31&band_rank=15&Refer=top,南昌考场现显眼包大喊快采访我,2025-06-07
/weibo?q=%23%E9%93%82%E9%87%91%E5%8C%85%E7%BB%BF%E6%B0%B4%E9%AC%BC%E4%B8%80%E5%85%83%E6%8B%8D%23&t=31&band_rank=18&Refer=top,铂金包绿水鬼一元拍,2025-06-07
/weibo?q=%23%E5%BE%8B%E5%B8%88%E5%80%9F%E6%AC%BE%E4%BB%98%E6%81%AF%E5%90%91%E6%B3%95%E5%AE%98%E8%A1%8C%E8%B4%BF%E8%B6%85%E7%99%BE%E4%B8%87%23&t=31&band_rank=20&Refer=top,律师借款付息向法官行贿超百万,2025-06-07
/weibo?q=WBG%E5%AF%B9%E6%88%98IG&t=31&band_rank=28&Refer=top,WBG对战IG,2025-06-07
/weibo?q=%23%E7%89%99%E5%8C%BB3%E5%B9%B4%E5%89%8D%E9%A2%84%E8%AD%A6%E9%9F%A6%E4%B8%9C%E5%A5%95%E7%89%99%E5%91%A8%E5%8D%B1%E6%9C%BA%E6%88%90%E7%9C%9F%23&t=31&band_rank=31&Refer=top,牙医3年前预警韦东奕牙周危机成真,2025-06-07
/weibo?q=%23%E6%AD%A6%E6%B1%89%E4%B8%80%E8%80%83%E7%82%B9%E5%8F%B8%E6%9C%BA%E7%96%AF%E7%8B%82%E6%8C%89%E5%96%87%E5%8F%AD%E8%A2%AB%E6%89%A3%23&t=31&band_rank=32&Refer=top,武汉一考点司机疯狂按喇叭被扣,2025-06-07
/weibo?q=%E5%A4%A7%E5%AD%A6%E7%94%9F%E7%9C%8B%E4%B8%8D%E6%87%82&t=31&band_rank=34&Refer=top,大学生看不懂,2025-06-07
/weibo?q=%E4%B9%9D%E5%B0%BE%20%E6%88%91%E6%98%AF%E9%98%BF%E8%B1%86&t=31&band_rank=37&Refer=top,九尾 我是阿豆,2025-06-07
/weibo?q=%E7%8E%8B%E5%8B%89%E7%8E%8B%E4%BF%8A%E5%87%AF%E4%BD%A0%E4%BF%A9%E6%9C%89%E7%82%B9%E6%9A%A7%E6%98%A7%E4%BA%86&t=31&band_rank=41&Refer=top,王勉王俊凯你俩有点暧昧了,2025-06-07
/weibo?q=26%E5%B1%8A%E5%B0%B1%E8%BF%99%E6%A0%B7%E8%B9%B2%E5%AE%8C%E8%AF%AD%E6%96%87%E8%B9%B2%E6%95%B0%E5%AD%A6&t=31&band_rank=45&Refer=top,26届就这样蹲完语文蹲数学,2025-06-07
/weibo?q=%E9%98%B4%E9%98%B3%E5%B8%88&t=31&band_rank=47&Refer=top,阴阳师,2025-06-07
/weibo?q=%E7%BB%BC%E8%89%BA%E5%8F%B2%E4%B8%8A%E6%9C%80%E7%B4%A7%E5%BC%A0%E7%9A%84%E8%89%BA%E4%BA%BA%E9%9D%A2%E8%AF%95%E7%8E%B0%E5%9C%BA&t=31&band_rank=49&Refer=top,综艺史上最紧张的艺人面试现场,2025-06-07
/weibo?q=%23%E9%99%88%E9%83%BD%E7%81%B5%E9%83%91%E5%B7%9E%23&t=31&band_rank=50&Refer=top,陈都灵郑州,2025-06-07
/weibo?q=%E6%96%B0%E4%BA%8C%E5%8D%B7%E6%95%B0%E5%AD%A6%20%E7%AE%80%E5%8D%95&t=31&band_rank=7&Refer=top,新二卷数学 简单,2025-06-07
/weibo?q=%E6%96%B0%E4%B8%80%E5%8D%B7%E6%95%B0%E5%AD%A6%E5%A4%A7%E9%A2%98%20%E9%9A%BE&t=31&band_rank=21&Refer=top,新一卷数学大题 难,2025-06-07
/weibo?q=%E9%AB%98%E8%80%83%E6%95%B0%E5%AD%A6%E7%AD%94%E6%A1%88&t=31&band_rank=35&Refer=top,高考数学答案,2025-06-07
/weibo?q=%E9%AB%98%E8%80%83%E6%95%B0%E5%AD%A6%20%E6%98%8E%E5%B9%B4%E4%BB%8A%E6%97%A5%E5%AF%B9%E6%88%91%E5%A5%BD%E4%B8%80%E7%82%B9&t=31&band_rank=37&Refer=top,高考数学 明年今日对我好一点,2025-06-07
/weibo?q=%E6%97%A0%E9%99%90%E6%9A%96%E6%9A%96&t=31&band_rank=40&Refer=top,无限暖暖,2025-06-07
/weibo?q=%E9%BB%84%E8%8B%B1%E8%A2%AB%E6%9D%8E%E6%99%9F%E6%91%81%E5%A4%B4&t=31&band_rank=41&Refer=top,黄英被李晟摁头,2025-06-07
/weibo?q=%23%E8%80%83%E7%94%9F%E5%9B%9E%E5%BA%94%E9%AB%98%E8%80%83%E8%A2%AB%E5%8D%95%E7%8B%AC%E5%88%86%E5%88%B0%E4%B8%80%E4%B8%AA%E6%95%99%E5%AE%A4%23&t=31&band_rank=44&Refer=top,考生回应高考被单独分到一个教室,2025-06-07
/weibo?q=%23%E9%9B%B7%E5%86%9B%E4%B9%B0YU7%E4%B9%9F%E8%A6%81%E8%87%AA%E5%B7%B1%E6%8E%8F%E9%92%B1%23&t=31&band_rank=49&Refer=top,雷军买YU7也要自己掏钱,2025-06-07
/weibo?q=%E4%B8%8A%E6%B5%B7%E9%AB%98%E8%80%83%E6%95%B0%E5%AD%A6&t=31&band_rank=50&Refer=top,上海高考数学,2025-06-07
/weibo?q=%E6%95%B0%E5%AD%A6%E6%88%91%E6%81%A8%E4%BD%A0&t=31&band_rank=13&Refer=top,数学我恨你,2025-06-07
/weibo?q=%23%E7%8E%8B%E8%87%AA%E5%A6%82%E4%B8%BA%E4%BD%95%E5%9C%A8%E4%B8%8E%E7%BD%97%E6%B0%B8%E6%B5%A9%E8%BE%A9%E8%AE%BA%E5%90%8E%E5%8A%A0%E5%85%A5%E6%A0%BC%E5%8A%9B%23&t=31&band_rank=22&Refer=top,王自如为何在与罗永浩辩论后加入格力,2025-06-07
/weibo?q=%E5%A4%A9%E6%B4%A5%E9%AB%98%E8%80%83%E6%95%B0%E5%AD%A6&t=31&band_rank=28&Refer=top,天津高考数学,2025-06-07
/weibo?q=%E5%8C%97%E4%BA%AC%E9%AB%98%E8%80%83%E6%95%B0%E5%AD%A6%20%E9%9A%BE&t=31&band_rank=29&Refer=top,北京高考数学 难,2025-06-07
/weibo?q=%E9%AB%98%E8%80%83%E6%95%B0%E5%AD%A6%E8%AF%95%E5%8D%B7&t=31&band_rank=34&Refer=top,高考数学试卷,2025-06-07
/weibo?q=%E4%BD%95%E7%A7%8B%E4%BA%8A%E5%85%AC%E5%85%B3&t=31&band_rank=36&Refer=top,何秋亊公关,2025-06-07
/weibo?q=%23%E6%95%96%E7%91%9E%E9%B9%8F%E9%AB%98%E7%A9%B7%E5%B8%85%23&t=31&band_rank=40&Refer=top,敖瑞鹏高穷帅,2025-06-07
/weibo?q=%E6%9B%BE%E8%88%9C%E6%99%9E%E4%BD%A0%E6%8D%85%E4%BD%A0%E7%9A%84%E6%88%91%E4%BA%B2%E6%88%91%E7%9A%84&t=31&band_rank=44&Refer=top,曾舜晞你捅你的我亲我的,2025-06-07
/weibo?q=%E7%BB%AD%E5%91%BD%E8%B4%B9&t=31&band_rank=49&Refer=top,续命费,2025-06-07
/weibo?q=%E6%95%B0%E5%AD%A6%E4%B8%80%E5%8D%B7%E5%9C%86%E6%88%91%E5%A4%A7%E4%B8%93%E6%A2%A6&t=31&band_rank=12&Refer=top,数学一卷圆我大专梦,2025-06-07
/weibo?q=%23%E8%8C%83%E7%8E%AE%E7%90%AA%E6%BC%94%E5%94%B1%E4%BC%9A%E9%97%A8%E7%A5%A8%E8%B7%8C%E8%87%B35.6%E6%8A%98%23&t=31&band_rank=28&Refer=top,范玮琪演唱会门票跌至5.6折,2025-06-07
/weibo?q=%E6%88%91%E5%92%8C%E6%95%B0%E5%AD%A6%E7%A6%BB%E5%A9%9A%E4%BA%86&t=31&band_rank=39&Refer=top,我和数学离婚了,2025-06-07
/weibo?q=%E5%87%86%E5%A4%87%E5%A4%8D%E8%AF%BB&t=31&band_rank=42&Refer=top,准备复读,2025-06-07
/weibo?q=%E5%8D%81%E4%B8%AA%E5%8B%A4%E5%A4%A9%E8%A2%AB%E6%8F%92%E7%A7%A7%E6%9C%BA%E5%81%9A%E5%B1%80%E4%BA%86&t=31&band_rank=45&Refer=top,十个勤天被插秧机做局了,2025-06-07
/weibo?q=%23%E5%BC%A0%E6%A1%82%E6%A2%85%E4%B8%80%E5%8F%A5%E8%AF%9D%E8%AE%A9%E6%88%91%E7%A7%92%E5%9B%9E%E5%AD%A6%E7%94%9F%E6%97%B6%E4%BB%A3%23&t=31&band_rank=10&Refer=top,张桂梅一句话让我秒回学生时代,2025-06-07
/weibo?q=%23%E9%99%88%E6%A5%9A%E7%94%9F%E6%8A%BC%E4%B8%AD%E9%AB%98%E8%80%83%E4%BD%9C%E6%96%87%23&t=31&band_rank=13&Refer=top,陈楚生押中高考作文,2025-06-07
/weibo?q=%23%E8%8B%8F%E8%B6%85%E5%87%BA%E5%9C%88%E6%98%AF%E6%95%A3%E8%A3%85%E6%B1%9F%E8%8B%8F%E7%9C%9F%E6%AD%A3%E7%9A%84%E9%98%B3%E8%B0%8B%23&t=31&band_rank=15&Refer=top,苏超出圈是散装江苏真正的阳谋,2025-06-07
/weibo?q=%23%E5%AE%98%E6%96%B9%E9%80%9A%E6%8A%A5%E7%BD%91%E4%BC%A08%E5%B2%81%E5%A5%B3%E5%AD%A9%E9%81%AD%E9%95%BF%E6%9C%9F%E9%9C%B8%E5%87%8C%23&t=31&band_rank=18&Refer=top,官方通报网传8岁女孩遭长期霸凌,2025-06-07
/weibo?q=%23%E6%B8%85%E6%98%8E%E4%B8%8A%E6%B2%B3%E5%9B%AD%E5%9B%9E%E5%BA%94%E8%A2%AB%E8%B4%A8%E7%96%91%E8%99%90%E5%BE%85%E7%8C%B4%E5%AD%90%23&t=31&band_rank=20&Refer=top,清明上河园回应被质疑虐待猴子,2025-06-07
/weibo?q=%232025%E5%B9%B4%E6%B9%96%E5%8D%97%E9%AB%98%E8%80%83%E4%BD%9C%E6%96%87%E9%A2%98%23&t=31&band_rank=25&Refer=top,2025年湖南高考作文题,2025-06-07
/weibo?q=%E6%95%B0%E5%AD%A6%20%E4%B8%80%E7%94%9F%E4%B9%8B%E6%95%8C&t=31&band_rank=32&Refer=top,数学 一生之敌,2025-06-07
/weibo?q=%23%E6%9D%8E%E9%9A%BC%E5%AB%81%E5%A5%B3%E5%9B%9B%E5%A4%A7%E5%A5%A5%E8%BF%90%E4%B9%92%E4%B9%93%E5%86%A0%E5%86%9B%E7%8E%B0%E8%BA%AB%E6%90%82%E5%B8%AD%23&t=31&band_rank=36&Refer=top,李隼嫁女四大奥运乒乓冠军现身搂席,2025-06-07
/weibo?q=30%E5%9D%97%E9%92%B1%E5%92%96%E5%95%A1%E4%B9%B0%E5%88%B03000%E5%9D%97%E9%92%B1%E6%9C%8D%E5%8A%A1&t=31&band_rank=37&Refer=top,30块钱咖啡买到3000块钱服务,2025-06-07
/weibo?q=%E5%B0%B1%E7%AE%97%E6%B2%A1%E8%80%83%E5%A5%BD%E4%B9%9F%E6%89%8D%E5%8D%81%E5%85%AB%E5%B2%81&t=31&band_rank=39&Refer=top,就算没考好也才十八岁,2025-06-07
/weibo?q=meiko%20%E8%8F%9C&t=31&band_rank=42&Refer=top,meiko 菜,2025-06-07
/weibo?q=%E6%96%B0%E8%AF%B4%E5%94%B1&t=31&band_rank=46&Refer=top,新说唱,2025-06-07
/weibo?q=%23%E7%89%B9%E6%9C%97%E6%99%AE%E8%AF%B4%E9%99%A4%E4%BA%86%E6%88%91%E7%BE%8E%E5%9B%BD%E7%A6%BB%E4%BA%86%E8%B0%81%E9%83%BD%E7%85%A7%E6%A0%B7%E8%BD%AC%23&t=31&band_rank=47&Refer=top,特朗普说除了我美国离了谁都照样转,2025-06-07
/weibo?q=%23%E5%BC%A0%E5%B3%BB%E8%B1%AA%E7%B2%89%E5%8F%91%23&t=31&band_rank=48&Refer=top,张峻豪粉发,2025-06-07
/weibo?q=%E9%9F%A6%E7%A5%9E%E6%80%8E%E4%B9%88%E9%99%84%E8%AF%95%E5%8D%B7%E4%B8%8A%E4%BA%86&t=31&band_rank=14&Refer=top,韦神怎么附试卷上了,2025-06-07
/weibo?q=%E9%95%BF%E7%99%BD%E5%A4%B4%E5%8F%91%E6%9A%97%E7%A4%BA%E7%9D%80%E5%93%AA%E4%BA%9B%E5%81%A5%E5%BA%B7%E9%97%AE%E9%A2%98&t=31&band_rank=18&Refer=top,长白头发暗示着哪些健康问题,2025-06-07
/weibo?q=%E5%88%98%E7%95%8A%E5%AE%8F%E6%98%AF%E6%9D%A5%E5%B8%AE%E5%91%A8%E6%9D%B0%E4%BC%A6%E6%89%BE%E5%9C%BA%E5%9C%B0%E7%9A%84&t=31&band_rank=26&Refer=top,刘畊宏是来帮周杰伦找场地的,2025-06-07
/weibo?q=%E5%AF%BC%E6%95%B0%E9%A2%98%E4%B8%8D%E7%BB%99%E5%8E%9F%E5%87%BD%E6%95%B0&t=31&band_rank=35&Refer=top,导数题不给原函数,2025-06-07
/weibo?q=%23%E4%BB%8A%E5%B9%B4%E9%AB%98%E8%80%83%E6%95%B0%E5%AD%A6%E6%9C%8922%E5%B9%B4%E9%9A%BE%E5%90%97%23&t=31&band_rank=37&Refer=top,今年高考数学有22年难吗,2025-06-07
/weibo?q=%E8%BF%99%E4%BA%9B%E5%B1%85%E7%84%B6%E9%83%BD%E6%98%AF%E5%91%A8%E5%A5%87&t=31&band_rank=39&Refer=top,这些居然都是周奇,2025-06-07
/weibo?q=%232%E4%B8%AA%E6%9C%88%E5%A4%A7%E5%A6%B9%E5%A6%B9%E7%A9%BF%E6%97%97%E8%A2%8D%E4%B8%BA18%E5%B2%81%E5%93%A5%E5%93%A5%E9%80%81%E8%80%83%23&t=31&band_rank=42&Refer=top,2个月大妹妹穿旗袍为18岁哥哥送考,2025-06-07
/weibo?q=%E5%86%85%E5%A8%B100%E8%8A%B1%E5%8F%88%E4%B8%8A%E6%96%B0%E4%BA%86&t=31&band_rank=43&Refer=top,内娱00花又上新了,2025-06-07
/weibo?q=%E6%95%B0%E5%AD%A6%E5%87%BA%E9%A2%98%E4%BA%BA%E4%BD%A0%E5%87%BA%E6%9D%A5&t=31&band_rank=50&Refer=top,数学出题人你出来,2025-06-07
/weibo?q=%E4%B8%A5%E5%B1%B9%E5%AE%BD%E6%9D%A8%E7%9A%93%E5%AE%87%E4%BB%A5%E4%B8%BA%E6%98%AF%E5%85%84%E5%BC%9F%E7%BB%93%E6%9E%9C%E6%98%AF%E5%90%8C%E7%AA%97&t=31&band_rank=19&Refer=top,严屹宽杨皓宇以为是兄弟结果是同窗,2025-06-07
/weibo?q=%E6%9D%8E%E8%AF%9A%E5%84%92%E5%BC%A0%E8%90%8C%E5%9B%A0%E9%92%9F%E4%B8%BD%E4%B8%BD%E8%B5%B7%E4%BA%89%E6%89%A7&t=31&band_rank=29&Refer=top,李诚儒张萌因钟丽丽起争执,2025-06-07
/weibo?q=%23%E8%A2%AB%E5%BC%A0%E6%A1%82%E6%A2%85%E6%97%A0%E5%A3%B0%E7%9A%84%E7%BB%86%E8%8A%82%E6%84%9F%E5%8A%A8%E4%BA%86%23&t=31&band_rank=35&Refer=top,被张桂梅无声的细节感动了,2025-06-07
/weibo?q=%23%E4%BF%84%E6%96%B9%E7%A7%B0%E6%84%BF%E7%BB%99%E4%BA%88%E9%A9%AC%E6%96%AF%E5%85%8B%E6%94%BF%E6%B2%BB%E5%BA%87%E6%8A%A4%23&t=31&band_rank=42&Refer=top,俄方称愿给予马斯克政治庇护,2025-06-07
/weibo?q=%E7%BB%88%E4%BA%8E%E6%9C%89%E9%95%9C%E5%A4%B4%E5%AF%B9%E5%87%86%E6%B8%A3%E7%94%B7%E7%97%9B%E5%93%AD%E6%B5%81%E6%B6%95%E4%BA%86&t=31&band_rank=47&Refer=top,终于有镜头对准渣男痛哭流涕了,2025-06-07
/weibo?q=%23%E4%B9%9D%E5%B0%BE%E5%A5%B3%E5%A8%B2%E7%9C%9F%E5%B0%BD%E5%8A%9B%E4%BA%86%23&t=31&band_rank=50&Refer=top,九尾女娲真尽力了,2025-06-07
/weibo?q=%23%E8%AF%AD%E6%96%87%E9%BB%98%E5%86%99%E4%B8%BA%E5%9B%BE%E7%94%BB%E9%85%8D%E5%8F%A4%E8%AF%97%E6%96%87%E6%98%AF%E6%96%B0%E9%A2%98%E5%9E%8B%23&t=31&band_rank=10&Refer=top,语文默写为图画配古诗文是新题型,2025-06-07
/weibo?q=%23%E9%AB%98%E8%80%83%E7%AC%AC1%E5%A4%A9%E7%BB%93%E6%9D%9F%23&t=31&band_rank=22&Refer=top,高考第1天结束,2025-06-07
/weibo?q=%E6%B5%AA%E5%A7%90%E6%80%BB%E5%86%B3%E8%B5%9B%E7%BA%A2%E6%AF%AF&t=31&band_rank=23&Refer=top,浪姐总决赛红毯,2025-06-07
/weibo?q=%23%E4%BC%98%E9%85%B7%E5%87%AD%E8%97%8F%E6%B5%B7%E4%BC%A0%E5%AE%9E%E7%8E%B0%E5%8D%95%E5%AD%A3%E5%BA%A6%E7%9B%88%E5%88%A9%23&t=31&band_rank=26&Refer=top,优酷凭藏海传实现单季度盈利,2025-06-07
/weibo?q=%E6%B5%AA%E5%A7%90%E7%9B%B4%E6%92%AD&t=31&band_rank=28&Refer=top,浪姐直播,2025-06-07
/weibo?q=%E7%83%AD%E6%95%B7%E5%92%8C%E7%A9%B4%E4%BD%8D%E6%8C%89%E6%91%A9%E8%83%BD%E7%BC%93%E8%A7%A3%E5%B9%B2%E7%9C%BC%E7%97%87%E5%90%97&t=31&band_rank=30&Refer=top,热敷和穴位按摩能缓解干眼症吗,2025-06-07
/weibo?q=%23%E4%B9%8C%E5%85%8B%E5%85%B0%E7%A7%B0%E5%87%BB%E8%90%BD%E4%BF%84%E7%BD%97%E6%96%AF%E8%8B%8F35%E6%88%98%E6%96%97%E6%9C%BA%23&t=31&band_rank=33&Refer=top,乌克兰称击落俄罗斯苏35战斗机,2025-06-07
/weibo?q=%23%E4%B8%81%E7%A8%8B%E9%91%AB%E5%BF%AB%E5%88%B0%E8%A2%AB%E5%89%A5%E5%A4%BA%E6%B3%BC%E6%B0%B4%E6%9D%83%23&t=31&band_rank=37&Refer=top,丁程鑫快到被剥夺泼水权,2025-06-07
/weibo?q=%E7%9F%AD%E5%89%A73%E5%88%86%E9%92%9F%E6%BC%94%E5%AE%8C%E9%95%BF%E5%89%A740%E9%9B%86%E5%86%85%E5%AE%B9&t=31&band_rank=39&Refer=top,短剧3分钟演完长剧40集内容,2025-06-07
/weibo?q=%E6%B5%AA%E5%A7%90%E6%88%90%E5%9B%A2%E5%A4%9C&t=31&band_rank=44&Refer=top,浪姐成团夜,2025-06-07
/weibo?q=%23%E7%8E%8B%E6%A5%9A%E9%92%A6%E4%BD%A0%E5%81%9A%E5%88%B0%E4%BA%86%23&t=31&band_rank=7&Refer=top,王楚钦你做到了,2025-06-07
/weibo?q=%23%E4%B8%BA%E4%BB%80%E4%B9%88%E6%9C%BA%E5%99%A8%E4%BA%BA%E6%9C%89%E6%97%B6%E8%81%AA%E6%98%8E%E6%9C%89%E6%97%B6%E5%82%BB%23&t=31&band_rank=30&Refer=top,为什么机器人有时聪明有时傻,2025-06-07
/weibo?q=%E9%AB%98%E8%80%83%E6%95%B0%E5%AD%A6%20%E7%9C%8B%E4%B8%8D%E6%87%82%E9%9A%BE%E4%B8%8D%E9%9A%BE&t=31&band_rank=31&Refer=top,高考数学 看不懂难不难,2025-06-07
/weibo?q=%E6%96%97%E7%A0%B4%E8%8B%8D%E7%A9%B9&t=31&band_rank=43&Refer=top,斗破苍穹,2025-06-07
/weibo?q=%E7%89%9B%E9%AA%8F%E5%B3%B0%E6%B2%A1%E8%A2%AB%E9%B2%81%E7%8F%AD%E9%94%81%E5%81%9A%E5%B1%80&t=31&band_rank=49&Refer=top,牛骏峰没被鲁班锁做局,2025-06-07
/weibo?q=%E8%BF%98%E6%88%91%E4%B8%89%E8%A7%92%E5%87%BD%E6%95%B0&t=31&band_rank=50&Refer=top,还我三角函数,2025-06-07
/weibo?q=%23%E7%A8%8B%E6%BD%87%E7%BB%99%E9%99%88%E6%A2%A6%E5%8C%96%E5%A5%B3%E5%9B%A2%E5%A6%86%23&t=31&band_rank=19&Refer=top,程潇给陈梦化女团妆,2025-06-07
/weibo?q=%E8%89%BE%E7%A6%8F%E6%9D%B0%E5%B0%BC%E5%B7%A5%E4%BD%9C%E5%AE%A4%E6%99%92%E8%81%8A%E5%A4%A9%E8%AE%B0%E5%BD%95&t=31&band_rank=23&Refer=top,艾福杰尼工作室晒聊天记录,2025-06-07
/weibo?q=%23%E6%A2%81%E5%AE%9E%E7%AC%AC29%E6%AC%A1%E9%AB%98%E8%80%83%E4%BC%B0%E5%88%86500%E5%A4%9A%23&t=31&band_rank=34&Refer=top,梁实第29次高考估分500多,2025-06-07
/weibo?q=%E9%95%BF%E5%AE%89%E7%9A%84%E8%8D%94%E6%9E%9D&t=31&band_rank=39&Refer=top,长安的荔枝,2025-06-07
/weibo?q=%E6%9C%B1%E5%BF%97%E9%91%AB%E5%8F%8D%E5%A4%8D%E8%A7%82%E5%85%A8%E5%91%98%E5%8A%A0%E9%80%9F%E4%B8%AD%E5%90%8D%E5%9C%BA%E9%9D%A2&t=31&band_rank=50&Refer=top,朱志鑫反复观全员加速中名场面,2025-06-07
/weibo?q=%23%E8%B5%B5%E9%9B%85%E8%8A%9D%E6%9D%A5%E6%B5%AA%E5%A7%90%E6%80%BB%E5%86%B3%E8%B5%9B%E4%BA%86%23&t=31&band_rank=18&Refer=top,赵雅芝来浪姐总决赛了,2025-06-07
/weibo?q=%E5%A4%8F%E5%AD%A3%E5%A1%91%E8%BA%AB%E8%A1%A3%E6%80%8E%E4%B9%88%E7%A9%BF%E6%9B%B4%E8%88%92%E9%80%82&t=31&band_rank=20&Refer=top,夏季塑身衣怎么穿更舒适,2025-06-07
/weibo?q=%23%E8%BE%B9%E4%BC%AF%E8%B4%A4%E9%87%91%E5%8F%91%23&t=31&band_rank=23&Refer=top,边伯贤金发,2025-06-07
/weibo?q=%E6%9D%8E%E8%89%BA%E5%BD%A4%E5%A4%AA%E5%B8%85%E4%BA%86&t=31&band_rank=32&Refer=top,李艺彤太帅了,2025-06-07
/weibo?q=%E5%A5%9A%E6%A2%A6%E7%91%B6%E4%BA%BA%E9%B1%BC%E5%85%AC%E4%B8%BB%E5%8D%B3%E8%A7%86%E6%84%9F&t=31&band_rank=45&Refer=top,奚梦瑶人鱼公主即视感,2025-06-07
/weibo?q=%23%E9%AB%98%E8%80%83%E6%95%B0%E5%AD%A6%E5%85%A8%E5%9B%BD%E5%8D%B7%E7%AA%81%E5%87%BA%E6%80%9D%E7%BB%B4%E8%83%BD%E5%8A%9B%E8%80%83%E6%9F%A5%23&t=31&band_rank=47&Refer=top,高考数学全国卷突出思维能力考查,2025-06-07
/weibo?q=%E8%BE%B9%E4%BC%AF%E8%B4%A4%E7%94%9F%E9%A2%91&t=31&band_rank=49&Refer=top,边伯贤生频,2025-06-07
/weibo?q=%23%E5%86%9B%E4%BA%BA%E8%B7%B3%E6%B0%B4%E8%BF%9E%E6%95%915%E6%9D%A1%E5%91%BD%E5%90%8E%E9%99%B7%E5%85%A5%E6%98%8F%E8%BF%B7%23&t=31&band_rank=15&Refer=top,军人跳水连救5条命后陷入昏迷,2025-06-07
/weibo?q=%E5%91%A8%E6%9D%B0%E4%BC%A6%E7%9F%A5%E9%81%93%E4%BD%A0%E6%80%A5%E4%BD%86%E4%BD%A0%E5%85%88%E5%88%AB%E6%80%A5&t=31&band_rank=28&Refer=top,周杰伦知道你急但你先别急,2025-06-07
/weibo?q=%23%E9%99%95%E8%A5%BF%E4%B8%80%E7%85%A4%E7%9F%BF2%E5%90%8D%E5%B7%A5%E4%BA%BA%E5%9C%A8%E4%BD%9C%E4%B8%9A%E6%97%B6%E5%9D%A0%E4%BA%95%23&t=31&band_rank=32&Refer=top,陕西一煤矿2名工人在作业时坠井,2025-06-07
/weibo?q=%E5%9C%A8%E7%BB%BC%E8%89%BA%E9%87%8C%E7%9C%8B%E5%88%B0%E9%A2%86%E5%AF%BC%E5%A4%B9%E8%8F%9C%E6%88%91%E8%BD%AC%E6%A1%8C&t=31&band_rank=33&Refer=top,在综艺里看到领导夹菜我转桌,2025-06-07
/weibo?q=%23%E9%93%B6%E8%A1%8C%E7%A7%B0%E5%AD%9850000%E5%BE%97LABUBU%E7%9B%B2%E7%9B%92%23&t=31&band_rank=38&Refer=top,银行称存50000得LABUBU盲盒,2025-06-07
/weibo?q=%E4%BA%BA%E8%A2%AB%E9%80%BC%E6%80%A5%E4%BA%86%E4%BB%80%E4%B9%88%E9%83%BD%E8%83%BD%E5%81%9A%E5%87%BA%E6%9D%A5%E9%99%A4%E4%BA%86%E6%95%B0%E5%AD%A6&t=31&band_rank=41&Refer=top,人被逼急了什么都能做出来除了数学,2025-06-07
/weibo?q=%E7%8E%8B%E6%BA%90%E8%90%BD%E5%9C%B0%E5%88%B0%E5%85%AC%E5%8F%B8%E5%B0%B1%E7%9C%8B%E5%88%B0%E5%8F%8B%E6%83%85%E6%8F%90%E9%86%92&t=31&band_rank=43&Refer=top,王源落地到公司就看到友情提醒,2025-06-07
/weibo?q=LGDNBW%E6%88%98%E8%83%9CWB&t=31&band_rank=46&Refer=top,LGDNBW战胜WB,2025-06-07
/weibo?q=%E8%B0%A2%E5%A8%9C%E8%88%9E%E5%8F%B0%E4%B8%B2%E7%83%A7%E5%A5%BD%E7%89%9B&t=31&band_rank=10&Refer=top,谢娜舞台串烧好牛,2025-06-07
/weibo?q=%E6%9D%8E%E8%89%BA%E5%BD%A4%E4%BA%B2%E5%8F%8B%E5%9B%A2%20%E8%A2%AB%E8%B7%B3%E8%BF%87&t=31&band_rank=14&Refer=top,李艺彤亲友团 被跳过,2025-06-07
/weibo?q=%23%E7%99%BD%E8%B1%A1%E7%9A%84%E8%AF%9A%E6%81%B3%E5%8D%B0%E5%9C%A8%E5%8C%85%E8%A3%85%E4%B8%8A%23&t=31&band_rank=17&Refer=top,白象的诚恳印在包装上,2025-06-07
/weibo?q=%2300%E5%90%8E%E8%80%81%E5%B8%88%E9%83%BD%E5%BC%80%E5%A7%8B%E9%80%81%E8%80%83%E4%BA%86%23&t=31&band_rank=20&Refer=top,00后老师都开始送考了,2025-06-07
/weibo?q=%23%E5%A4%A7%E5%AD%A6%E7%94%9F%E5%BC%80%E5%A7%8B%E6%8C%91%E6%88%98%E9%AB%98%E8%80%83%E4%BD%9C%E6%96%87%E4%BA%86%23&t=31&band_rank=31&Refer=top,大学生开始挑战高考作文了,2025-06-07
/weibo?q=%E7%8E%8B%E6%A5%9A%E9%92%A6%E4%B8%80%E5%8F%B7%E4%B8%BB%E5%8A%9B%E5%A4%87%E6%88%98%E4%B9%92%E8%B6%85&t=31&band_rank=33&Refer=top,王楚钦一号主力备战乒超,2025-06-07
/weibo?q=%E5%8D%A1%E7%90%B3%E5%A8%9C%E7%9A%84%E5%A9%86%E5%A9%86%E6%9D%A5%E4%BA%86&t=31&band_rank=34&Refer=top,卡琳娜的婆婆来了,2025-06-07
/weibo?q=%23C%E7%BD%97%E8%AF%B4%E4%B8%8D%E4%BC%9A%E5%8F%82%E5%8A%A0%E4%B8%96%E4%BF%B1%E6%9D%AF%23&t=31&band_rank=40&Refer=top,C罗说不会参加世俱杯,2025-06-07
/weibo?q=%E5%91%A8%E8%AF%97%E9%9B%A8%E5%AE%A3%E5%B8%83%E4%B8%8E%E4%B8%9D%E8%8A%AD%E8%A7%A3%E7%BA%A6&t=31&band_rank=41&Refer=top,周诗雨宣布与丝芭解约,2025-06-07
/weibo?q=%E5%A5%BD%E5%96%9C%E6%AC%A2%E5%8D%95%E4%BE%9D%E7%BA%AF&t=31&band_rank=50&Refer=top,好喜欢单依纯,2025-06-07
/weibo?q=%E6%B5%AA%E5%A7%90%E7%9B%B4%E6%92%AD%20%E5%81%87%E5%94%B1&t=31&band_rank=7&Refer=top,浪姐直播 假唱,2025-06-07
/weibo?q=%23%E4%B8%80%E4%B8%AD%E5%AD%A6%E5%AE%B6%E5%A7%94%E4%BC%9A%E5%8B%9F%E6%8D%905.7%E4%B8%87%E6%BF%80%E5%8A%B1%E5%AD%A6%E7%94%9F%23&t=31&band_rank=15&Refer=top,一中学家委会募捐5.7万激励学生,2025-06-07
/weibo?q=%E6%9C%88%E7%BB%8F%E7%8A%B6%E5%86%B5%E8%83%BD%E5%90%A6%E4%BD%9C%E4%B8%BA%E5%A6%87%E7%A7%91%E5%81%A5%E5%BA%B7%E7%9A%84%E8%87%AA%E6%A3%80%E6%8C%87%E6%A0%87&t=31&band_rank=19&Refer=top,月经状况能否作为妇科健康的自检指标,2025-06-07
/weibo?q=%23%E7%8E%8B%E6%A5%9A%E9%92%A6%E8%B0%88%E4%B8%89%E5%A4%A7%E8%B5%9B%E5%8F%A62%E5%9D%97%E5%8D%95%E6%89%93%E9%87%91%E7%89%8C%23&t=31&band_rank=26&Refer=top,王楚钦谈三大赛另2块单打金牌,2025-06-07
/weibo?q=%E5%88%98%E5%AE%87%E5%8A%A9%E9%98%B5%E5%90%B4%E5%AE%A3%E4%BB%AA&t=31&band_rank=32&Refer=top,刘宇助阵吴宣仪,2025-06-07
/weibo?q=%E6%B2%99%E7%89%B9%E7%8E%8B%E5%AD%90%E4%B9%9F%E4%B8%BA%E5%91%A8%E6%9D%B0%E4%BC%A6%E7%9D%80%E8%BF%B7&t=31&band_rank=42&Refer=top,沙特王子也为周杰伦着迷,2025-06-07
/weibo?q=%E6%B5%AA%E5%A7%90%E4%BA%B2%E5%8F%8B%E5%9B%A2&t=31&band_rank=43&Refer=top,浪姐亲友团,2025-06-07
/weibo?q=%23%E4%B8%B4%E6%B1%9F%E4%BB%99%E5%BC%80%E6%92%AD24%E5%B0%8F%E6%97%B6%E7%83%AD%E5%BA%A6%E7%A0%B49000%23&t=31&band_rank=45&Refer=top,临江仙开播24小时热度破9000,2025-06-07
/weibo?q=%23%E7%88%B6%E4%BA%B2%E8%83%8C%E5%A5%B3%E5%84%BF%E8%BF%9B%E5%85%A5%E8%80%83%E5%9C%BA%23&t=31&band_rank=10&Refer=top,父亲背女儿进入考场,2025-06-07
/weibo?q=%23%E5%B9%BF%E5%B7%9E%E9%AB%98%E8%80%83%E7%94%9F%E5%96%8A%E8%AF%9D%E6%A8%8A%E6%8C%AF%E4%B8%9C%E5%87%BA%E5%BE%81%E4%B8%89%E5%A4%A7%E8%B5%9B%23&t=31&band_rank=32&Refer=top,广州高考生喊话樊振东出征三大赛,2025-06-07
/weibo?q=%E5%9B%9B%E4%BB%A3%E6%A3%89%E8%8A%B1%E5%A8%83%E5%A8%83&t=31&band_rank=34&Refer=top,四代棉花娃娃,2025-06-07
/weibo?q=%23%E8%B0%A2%E5%A8%9C%E5%9B%9E%E5%BA%94%E4%B8%81%E7%A8%8B%E9%91%AB%E4%B9%98%E9%A3%8E%E5%88%9B%E5%A7%8B%E4%BA%BA%E4%BD%A0%E4%B9%9F%E6%95%A2%E6%83%B9%23&t=31&band_rank=38&Refer=top,谢娜回应丁程鑫乘风创始人你也敢惹,2025-06-07
/weibo?q=%E5%AD%99%E7%87%95%E5%A7%BF%E9%9D%92%E5%B2%9B%E6%BC%94%E5%94%B1%E4%BC%9A%E6%8A%A2%E7%A5%A8&t=31&band_rank=43&Refer=top,孙燕姿青岛演唱会抢票,2025-06-07
/weibo?q=%23%E9%99%88%E5%BE%B7%E5%AE%B9%E6%8A%A2%E8%AF%8D%23&t=31&band_rank=44&Refer=top,陈德容抢词,2025-06-07
/weibo?q=%E5%8D%A1%E6%96%B9%E7%AE%97%E5%87%BA%E6%9D%A5%E4%B8%8D%E6%95%A2%E5%86%99&t=31&band_rank=48&Refer=top,卡方算出来不敢写,2025-06-07
/weibo?q=%E5%B0%94%E5%86%AC%E5%8D%87%E4%B8%80%E7%9C%BC%E5%B0%B1%E5%AE%9A%E4%BA%86%E5%93%88%E5%A6%AE%E5%85%8B%E5%AD%9C%E6%BC%94%E8%96%9B%E8%8A%B3%E8%8F%B2&t=31&band_rank=49&Refer=top,尔冬升一眼就定了哈妮克孜演薛芳菲,2025-06-07
/weibo?q=%2304%E5%B9%B4%E7%94%B7%E5%AD%90%E6%8B%92%E6%9C%8D%E5%85%B5%E5%BD%B9%E8%A2%AB%E7%BD%9A5.5%E4%B8%87%23&t=31&band_rank=10&Refer=top,04年男子拒服兵役被罚5.5万,2025-06-07
/weibo?q=%E6%B5%AA%E5%A7%90%E6%8A%95%E7%A5%A8&t=31&band_rank=12&Refer=top,浪姐投票,2025-06-07
/weibo?q=%E6%9D%8E%E6%99%9F%E5%9B%A2%E7%A5%A8%E6%95%B0%E4%B9%9F%E5%A4%AA%E4%BD%8E%E4%BA%86&t=31&band_rank=14&Refer=top,李晟团票数也太低了,2025-06-07
/weibo?q=%E8%B0%AD%E8%96%87%E4%B9%98%E9%A3%8E%E7%BA%A2%E6%AF%AF%E6%8E%A7%E5%9C%BA%E5%8A%9B&t=31&band_rank=19&Refer=top,谭薇乘风红毯控场力,2025-06-07
/weibo?q=%E4%B9%A0%E6%83%AF%E6%80%A7%E6%99%9A%E7%9D%A1%E4%B8%8E%E6%80%A7%E6%A0%BC%E7%89%B9%E8%B4%A8%E6%9C%89%E5%93%AA%E4%BA%9B%E5%85%B3%E8%81%94&t=31&band_rank=25&Refer=top,习惯性晚睡与性格特质有哪些关联,2025-06-07
/weibo?q=%23%E5%BB%BA%E8%AE%AE%E8%80%83%E5%AE%8C%E4%B8%8D%E8%A6%81%E5%AF%B9%E7%AD%94%E6%A1%88%23&t=31&band_rank=30&Refer=top,建议考完不要对答案,2025-06-07
/weibo?q=%E4%BE%AF%E4%BD%A9%E5%B2%91%20%E5%88%92%E6%B0%B4&t=31&band_rank=31&Refer=top,侯佩岑 划水,2025-06-07
/weibo?q=%23%E8%82%96%E6%88%98%E8%97%8F%E6%B5%B7%E4%BC%A0%E6%94%B6%E5%AE%98%E5%9B%BE%23&t=31&band_rank=34&Refer=top,肖战藏海传收官图,2025-06-07
/weibo?q=%E6%9D%8E%E6%99%9F%E5%9B%A2%E8%A2%AB%E5%81%9A%E5%B1%80%E4%BA%86&t=31&band_rank=36&Refer=top,李晟团被做局了,2025-06-07
/weibo?q=%E8%B5%B5%E9%9B%85%E8%8A%9D%E7%BE%8E%E5%BE%97%E6%88%91%E4%B8%8D%E7%9F%A5%E5%A4%A9%E5%9C%B0%E4%B8%BA%E4%BD%95%E7%89%A9&t=31&band_rank=37&Refer=top,赵雅芝美得我不知天地为何物,2025-06-07
/weibo?q=%23%E5%91%A8%E9%B8%BF%E7%A5%8E%E7%A7%B0%E5%87%86%E5%A4%87%E5%B9%B2%E6%8E%89360%E6%95%B4%E4%B8%AA%E5%B8%82%E5%9C%BA%E9%83%A8%23&t=31&band_rank=38&Refer=top,周鸿祎称准备干掉360整个市场部,2025-06-07
/weibo?q=%23%E4%B8%80%E4%B8%AA%E5%AD%A6%E7%A7%91%E4%B8%80%E5%8F%A5%E4%B8%BA%E9%AB%98%E8%80%83%E7%94%9F%E5%8A%A0%E6%B2%B9%23&t=31&band_rank=3&Refer=top,一个学科一句为高考生加油,2025-06-07
/weibo?q=%23%E6%B1%89%E9%AD%8F%E6%B4%9B%E9%98%B3%E6%95%85%E5%9F%8E%E6%83%8A%E7%8E%B0%E5%8F%A4%E4%BB%A3%E6%8B%9B%E8%B4%A2%E7%8C%AB%E9%99%B6%E7%81%AF%23&t=31&band_rank=19&Refer=top,汉魏洛阳故城惊现古代招财猫陶灯,2025-06-07
/weibo?q=%23%E8%80%81%E4%BA%BA%E8%A2%AB%E5%B8%A6%E5%88%B0%E5%BC%82%E5%9C%B0%E7%9C%8B%E6%88%BF%E8%8A%B1%E6%8E%8916%E4%B8%87%E7%9C%8B%E7%97%85%E9%92%B1%23&t=31&band_rank=29&Refer=top,老人被带到异地看房花掉16万看病钱,2025-06-07
/weibo?q=%23%E8%B0%A2%E5%A8%9C%E6%9C%89%E8%BF%99%E4%BB%BD%E5%BF%83%E5%B9%B2%E4%BB%80%E4%B9%88%E9%83%BD%E4%BC%9A%E6%88%90%E5%8A%9F%E7%9A%84%23&t=31&band_rank=32&Refer=top,谢娜有这份心干什么都会成功的,2025-06-07
/weibo?q=%E5%BA%90%E5%B7%9E%E6%9C%88&t=31&band_rank=35&Refer=top,庐州月,2025-06-07
/weibo?q=%E6%8A%98%E8%85%B0&t=31&band_rank=39&Refer=top,折腰,2025-06-07
/weibo?q=AG%E5%AF%B9%E6%88%98RNGM&t=31&band_rank=40&Refer=top,AG对战RNGM,2025-06-07
/weibo?q=%E6%B5%AA%E5%A7%90%E7%A5%A8%E6%95%B0&t=31&band_rank=42&Refer=top,浪姐票数,2025-06-07
/weibo?q=%23%E7%89%9B%E5%86%A0%E5%87%AF%E8%AE%A2%E5%A9%9A%E4%BA%86%23&t=31&band_rank=45&Refer=top,牛冠凯订婚了,2025-06-07
/weibo?q=LPL&t=31&band_rank=47&Refer=top,LPL,2025-06-07
/weibo?q=%23%E7%8E%8B%E6%A5%9A%E9%92%A6%E5%9B%9E%E5%BA%94%E8%B5%A2%E9%9B%A8%E6%9E%9C%E5%90%8E%E4%BB%B0%E5%A4%A9%E5%A4%A7%E7%AC%91%23&t=31&band_rank=49&Refer=top,王楚钦回应赢雨果后仰天大笑,2025-06-07
/weibo?q=%23%E8%B7%9F%E9%9A%8F%E6%80%BB%E4%B9%A6%E8%AE%B0%E6%8E%A2%E5%AF%BB%E4%B8%AD%E5%8D%8E%E6%96%87%E6%98%8E%23&Refer=new_time,跟随总书记探寻中华文明,2025-06-07
/weibo?q=%23iG%E6%88%98%E8%83%9CWBG%23&t=31&band_rank=6&Refer=top,iG战胜WBG,2025-06-07
/weibo?q=%E5%90%B4%E5%AE%A3%E4%BB%AA%20%E5%85%A8%E5%BC%80%E9%BA%A6&t=31&band_rank=13&Refer=top,吴宣仪 全开麦,2025-06-07
/weibo?q=%23%E6%95%B0%E5%AD%A6%E8%80%81%E5%B8%88%E4%BD%93%E9%AA%8C%E9%AB%98%E8%80%83%E9%A2%84%E4%BC%B0%E8%83%BD%E8%80%83140%23&t=31&band_rank=14&Refer=top,数学老师体验高考预估能考140,2025-06-07
/weibo?q=%23%E5%AE%98%E6%96%B9%E5%9B%9E%E5%BA%94%E7%94%B5%E5%8F%B0%E6%9B%BF%E6%B0%91%E7%BB%B4%E6%9D%83%E9%81%AD%E5%AC%89%E7%AC%91%E5%9B%9E%E6%80%BC%23&t=31&band_rank=30&Refer=top,官方回应电台替民维权遭嬉笑回怼,2025-06-07
/weibo?q=%E9%95%BF%E5%AE%89%E7%9A%84%E8%8D%94%E6%9E%9D%20%E6%90%9E%E7%AC%91&t=31&band_rank=38&Refer=top,长安的荔枝 搞笑,2025-06-07
/weibo?q=%23%E4%B8%AD%E5%9B%BD%E5%A5%B3%E6%8E%923%E6%AF%940%E5%A4%A7%E8%83%9C%E6%B3%95%E5%9B%BD%E9%98%9F%23&t=31&band_rank=41&Refer=top,中国女排3比0大胜法国队,2025-06-07
/weibo?q=%E8%AF%97%E6%83%85%E7%94%BB%E5%A5%95&t=31&band_rank=42&Refer=top,诗情画奕,2025-06-07
/weibo?q=%23%E4%B8%AD%E5%9B%BD%E5%A5%B3%E6%8E%923%E6%AF%940%E6%B3%95%E5%9B%BD%23&t=31&band_rank=43&Refer=top,中国女排3比0法国,2025-06-07
/weibo?q=%23RSG%E5%85%AB%E5%86%A0%E7%8E%8B%23&t=31&band_rank=44&Refer=top,RSG八冠王,2025-06-07
/weibo?q=%E5%91%A8%E6%B7%B1%E7%9B%B4%E6%92%AD&t=31&band_rank=48&Refer=top,周深直播,2025-06-07
/weibo?q=%E5%A7%9C%E4%BA%91%E5%8D%87%20%E4%B9%9F%E9%9A%BE%E6%80%AA%E5%9C%88%E5%A4%96%E4%BA%BA%E6%9C%89%E5%88%BB%E6%9D%BF%E5%8D%B0%E8%B1%A1&t=31&band_rank=50&Refer=top,姜云升 也难怪圈外人有刻板印象,2025-06-07
/weibo?q=%23%E6%9C%89%E8%B4%A3%E4%BB%BB%E6%9C%89%E6%8B%85%E5%BD%93%E9%9D%92%E6%98%A5%E6%89%8D%E4%BC%9A%E9%97%AA%E5%85%89%23&Refer=new_time,有责任有担当青春才会闪光,2025-06-07
/weibo?q=%E6%9D%A8%E6%A2%85%E6%80%8E%E4%B9%88%E6%B4%97%E6%AF%94%E8%BE%83%E5%A5%BD&t=31&band_rank=20&Refer=top,杨梅怎么洗比较好,2025-06-07
/weibo?q=%E6%B3%95%E7%BD%91%E5%86%B3%E8%B5%9B&t=31&band_rank=27&Refer=top,法网决赛,2025-06-07
/weibo?q=%E4%B8%A5%E6%B5%A9%E7%BF%94%E5%A2%A8%E9%95%9C%E6%98%AF%E4%BD%A0%E7%9A%84%E4%BF%9D%E6%8A%A4%E8%89%B2%E5%90%97&t=31&band_rank=34&Refer=top,严浩翔墨镜是你的保护色吗,2025-06-07
/weibo?q=%23%E7%88%B1%E5%90%83%E9%A6%99%E8%95%89%E7%9A%84%E7%BE%8E%E5%9B%BD%E4%BA%BA%E8%A2%AB%E5%85%B3%E7%A8%8E%E6%88%98%E6%89%93%E8%92%99%E4%BA%86%23&t=31&band_rank=39&Refer=top,爱吃香蕉的美国人被关税战打蒙了,2025-06-07
/weibo?q=%E9%82%93%E4%BA%9A%E8%90%8D%E4%B8%BA%E4%B8%AD%E5%9B%BD%E7%9F%AD%E9%81%93%E9%80%9F%E6%BB%91%E9%98%9F%E5%81%9A%E5%8A%A8%E5%91%98&t=31&band_rank=40&Refer=top,邓亚萍为中国短道速滑队做动员,2025-06-07
/weibo?q=%E5%8F%B6%E7%AB%A5%E8%B5%B5%E9%9B%85%E8%8A%9D%E6%8B%A5%E6%8A%B1&t=31&band_rank=41&Refer=top,叶童赵雅芝拥抱,2025-06-07
/weibo?q=%23%E4%B8%8D%E7%BB%8F%E6%84%8F%E9%97%B4%E5%85%BB%E6%B0%94%E8%A1%80%E7%9A%843%E4%B8%AA%E5%8A%A8%E4%BD%9C%23&t=31&band_rank=46&Refer=top,不经意间养气血的3个动作,2025-06-07
/weibo?q=%E6%88%91%E4%B8%8D%E4%BC%9A%E8%AE%A4%E9%94%99%E8%87%AA%E5%B7%B1%E7%9A%84%E5%A6%BB%E5%AD%90&t=31&band_rank=47&Refer=top,我不会认错自己的妻子,2025-06-07
/weibo?q=%23400%E4%BD%8D%E5%B0%8F%E7%B1%B3SU7%E8%BD%A6%E4%B8%BB%E8%B0%83%E7%A0%94%E6%8A%A5%E5%91%8A%23&t=31&band_rank=50&Refer=top,400位小米SU7车主调研报告,2025-06-07
/weibo?q=%2375%E5%B2%81%E8%91%A3%E4%BA%8B%E9%95%BF%E7%A7%80%E8%82%8C%E8%82%89%E5%B8%A6%E8%B4%A7%E9%81%AD%E7%82%AE%E8%BD%B0%E5%81%87%E8%8D%AF%23&t=31&band_rank=26&Refer=top,75岁董事长秀肌肉带货遭炮轰假药,2025-06-07
/weibo?q=%23%E5%8B%92%E5%B8%83%E4%BC%A6%E5%9B%9E%E5%BA%94%E6%A8%8A%E6%8C%AF%E4%B8%9C%E5%8A%A0%E7%9B%9F%E5%BE%B7%E7%94%B2%23&t=31&band_rank=31&Refer=top,勒布伦回应樊振东加盟德甲,2025-06-07
/weibo?q=%23%E7%8E%8B%E6%A5%9A%E9%92%A6%E7%9C%9F%E6%98%AF%E4%BA%BA%E9%97%B4%E6%B8%85%E9%86%92%23&t=31&band_rank=33&Refer=top,王楚钦真是人间清醒,2025-06-07
/weibo?q=%23%E5%93%88%E4%BD%9B%E6%A0%A1%E9%95%BF%E8%BF%9E%E5%8F%91%E4%B8%A4%E5%B0%81%E6%A0%A1%E5%86%85%E4%BF%A1%E6%8A%AB%E9%9C%B2%E8%BF%9B%E5%B1%95%23&t=31&band_rank=35&Refer=top,哈佛校长连发两封校内信披露进展,2025-06-07
/weibo?q=%23%E8%90%A8%E5%B7%B4%E4%BC%A6%E5%8D%A1vs%E9%AB%98%E8%8A%99%23&t=31&band_rank=36&Refer=top,萨巴伦卡vs高芙,2025-06-07
/weibo?q=%23%E8%B0%A2%E5%A8%9C%E5%9B%9E%E5%BA%94%E4%BA%86%E7%83%AD%E6%90%9C%23&t=31&band_rank=39&Refer=top,谢娜回应了热搜,2025-06-07
/weibo?q=%E8%8B%8F%E9%86%92%E7%96%91%E4%BC%BC%E8%A2%AB%E5%A8%83%E7%BB%BC%E5%81%9A%E5%B1%80%E4%BA%86&t=31&band_rank=41&Refer=top,苏醒疑似被娃综做局了,2025-06-07
/weibo?q=%E6%9E%97%E4%B8%80%20%E5%8F%8B%E8%B0%8A%E7%AC%AC%E4%B8%80%E6%AF%94%E8%B5%9B%E7%AC%AC%E4%B8%83&t=31&band_rank=42&Refer=top,林一 友谊第一比赛第七,2025-06-07
/weibo?q=%23%E7%9C%8B%E5%A7%90%E5%A7%90%E6%88%90%E5%9B%A2%E5%A4%9C%E5%87%BA%E7%A5%9E%E5%9B%BE%23&t=31&band_rank=43&Refer=top,看姐姐成团夜出神图,2025-06-07
/weibo?q=%23%E7%8E%8B%E6%A5%9A%E9%92%A6%E8%AF%B4%E5%AD%99%E9%A2%96%E8%8E%8E%E6%9C%89%E5%A5%B9%E6%88%90%E5%8A%9F%E7%9A%84%E9%81%93%E7%90%86%23&t=31&band_rank=45&Refer=top,王楚钦说孙颖莎有她成功的道理,2025-06-07
/weibo?q=SNH48&t=31&band_rank=47&Refer=top,SNH48,2025-06-07
/weibo?q=%E8%92%8B%E6%A2%A6%E5%A9%95%E8%AF%B4%E5%AB%89%E5%A6%92%E5%8F%8C%E4%B8%B9%E7%BB%84%E5%90%88&t=31&band_rank=18&Refer=top,蒋梦婕说嫉妒双丹组合,2025-06-07
/weibo?q=%23%E7%9A%AE%E7%9A%AE%E6%9C%B1%E8%AF%B4%E4%B8%BB%E6%92%AD%E8%B0%88%E4%B8%8D%E4%BA%86%E6%81%8B%E7%88%B1%23&t=31&band_rank=22&Refer=top,皮皮朱说主播谈不了恋爱,2025-06-07
/weibo?q=%23%E9%87%8D%E6%B8%A9%E5%85%B3%E6%99%93%E5%BD%A4%E9%AB%98%E8%80%83%E9%87%87%E8%AE%BF%E5%A4%AA%E9%80%97%E4%BA%86%23&t=31&band_rank=28&Refer=top,重温关晓彤高考采访太逗了,2025-06-07
/weibo?q=%23%E9%A6%96%E4%B8%AA%E5%87%BA%E8%80%83%E5%9C%BA%E7%9A%84%E5%88%9D%E4%B8%AD%E7%94%9F%E9%AB%98%E8%80%83%E5%AE%8C%E8%BF%98%E8%A6%81%E4%B8%AD%E8%80%83%23&t=31&band_rank=34&Refer=top,首个出考场的初中生高考完还要中考,2025-06-07
/weibo?q=%E8%91%A3%E5%8A%9B%E7%9A%84%E8%80%81%E5%BA%95%E9%83%BD%E5%BF%AB%E8%A2%AB%E5%84%BF%E5%AD%90%E6%8F%AD%E5%85%89%E4%BA%86&t=31&band_rank=35&Refer=top,董力的老底都快被儿子揭光了,2025-06-07
/weibo?q=%E7%8C%AB%E8%80%B3%E6%96%B0%E5%89%A7%E5%B0%86%E5%A2%9E%E5%8A%A0%E4%BC%9A%E5%91%98%E5%8A%9F%E8%83%BD&t=31&band_rank=40&Refer=top,猫耳新剧将增加会员功能,2025-06-07
/weibo?q=%E7%99%BD%E8%B1%A1%E5%90%AC%E5%8A%9D%E5%8F%B2&t=31&band_rank=41&Refer=top,白象听劝史,2025-06-07
/weibo?q=%E6%95%99%E4%BD%A0%E6%80%8E%E4%B9%88%E5%A4%84%E7%90%86%E5%B0%8F%E5%AD%A9%E5%AD%90%E7%88%B1%E7%8E%A9%E6%89%8B%E6%9C%BA&t=31&band_rank=45&Refer=top,教你怎么处理小孩子爱玩手机,2025-06-07
/weibo?q=%E6%9E%97%E4%BF%8A%E6%9D%B0%20%E5%8F%B0%E5%8C%97%E7%AB%99&t=31&band_rank=48&Refer=top,林俊杰 台北站,2025-06-07
/weibo?q=%2322%E5%B9%B4%E9%AB%98%E8%80%83%E7%94%9F%E5%86%8D%E6%AC%A1%E8%A2%ABcue%23&t=31&band_rank=15&Refer=top,22年高考生再次被cue,2025-06-07
/weibo?q=%23%E5%8D%97%E6%98%8C%E4%B8%80%E5%8D%9A%E7%89%A9%E9%A6%86%E5%BB%BA%E6%88%90%E4%B8%A4%E5%B9%B4%E5%8D%B4%E5%B0%98%E5%B0%81%E9%97%B2%E7%BD%AE%23&t=31&band_rank=18&Refer=top,南昌一博物馆建成两年却尘封闲置,2025-06-07
/weibo?q=%23%E4%BA%94%E8%83%9E%E8%83%8E%E5%8F%82%E5%8A%A0%E9%AB%98%E8%80%83%E5%85%B6%E7%88%B6%E5%8F%91%E6%96%87%E8%B0%88%E6%84%9F%E5%8F%97%23&t=31&band_rank=19&Refer=top,五胞胎参加高考其父发文谈感受,2025-06-07
/weibo?q=%23%E9%86%89%E9%85%92%E5%90%8E%E4%BD%BF%E7%94%A8%E8%87%AA%E5%8A%A8%E9%A9%BE%E9%A9%B6%E5%BC%80%E8%BD%A6%E6%98%AF%E5%90%A6%E6%9E%84%E6%88%90%E9%85%92%E9%A9%BE%23&t=31&band_rank=20&Refer=top,醉酒后使用自动驾驶开车是否构成酒驾,2025-06-07
/weibo?q=%E9%95%BF%E6%B2%99%E6%9A%B4%E9%9B%A8&t=31&band_rank=26&Refer=top,长沙暴雨,2025-06-07
/weibo?q=%23%E4%BA%94%E8%83%9E%E8%83%8E%E5%90%8C%E6%97%B6%E5%8F%82%E5%8A%A0%E9%AB%98%E8%80%8350%E5%A4%9A%E4%B8%87%E8%B4%B9%E7%94%A8%E8%A2%AB%E5%85%8D%23&t=31&band_rank=28&Refer=top,五胞胎同时参加高考50多万费用被免,2025-06-07
/weibo?q=%E8%BF%99%E5%9C%BA%E9%9B%A8%E5%B0%B1%E6%98%AF%E4%B8%BA%E7%BA%A2%E5%B0%98%E5%AE%A2%E6%A0%88%E4%B8%8B%E7%9A%84&t=31&band_rank=32&Refer=top,这场雨就是为红尘客栈下的,2025-06-07
/weibo?q=%23%E7%8E%8B%E6%A5%9A%E9%92%A6%E5%9B%9E%E5%BA%94%E4%B8%96%E4%B9%92%E8%B5%9B%E5%A4%BA%E5%86%A0%E5%90%8E%E4%BB%B0%E5%A4%B4%E5%A4%A7%E7%AC%91%23&t=31&band_rank=40&Refer=top,王楚钦回应世乒赛夺冠后仰头大笑,2025-06-07
/weibo?q=%E5%90%B4%E5%AE%A3%E4%BB%AA%E9%95%9C%E5%A4%B4%E5%A5%BD%E5%B0%91&t=31&band_rank=43&Refer=top,吴宣仪镜头好少,2025-06-07
/weibo?q=%E6%9D%83%E5%BF%97%E9%BE%99%E6%8A%8A%E7%8E%AB%E7%91%B0%E7%A9%BF%E5%9C%A8%E8%BA%AB%E4%B8%8A%E4%BA%86&t=31&band_rank=47&Refer=top,权志龙把玫瑰穿在身上了,2025-06-07
/weibo?q=%23%E5%AE%81%E8%89%BA%E5%8D%93%E5%9B%BD%E5%86%85%E9%A6%96%E5%9C%BA%E8%A7%81%E9%9D%A2%E4%BC%9A%23&t=31&band_rank=49&Refer=top,宁艺卓国内首场见面会,2025-06-07
/weibo?q=%E5%AE%8B%E5%A6%8D%E9%9C%8F%E8%B5%A2%E4%BA%86%E5%BC%A0%E5%B0%8F%E5%A9%89&t=31&band_rank=14&Refer=top,宋妍霏赢了张小婉,2025-06-07
/weibo?q=%E8%B0%A2%E5%A8%9C%E5%A5%BD%E7%BE%8E&t=31&band_rank=28&Refer=top,谢娜好美,2025-06-07
/weibo?q=%23Ning%E6%80%92%E5%96%B7Daeny%23&t=31&band_rank=36&Refer=top,Ning怒喷Daeny,2025-06-07
/weibo?q=%E9%81%93%E6%9E%9D%E9%AA%8F%E4%BD%91%20%E8%80%83%E7%94%9F%E4%BB%AC%E5%8A%A0%E6%B2%B9%E5%BA%94%E8%80%83&t=31&band_rank=41&Refer=top,道枝骏佑 考生们加油应考,2025-06-07
/weibo?q=%E8%96%9B%E5%87%AF%E7%90%AA%E7%9A%84%E5%85%B5%E5%A5%BD%E6%95%B4%E9%BD%90&t=31&band_rank=48&Refer=top,薛凯琪的兵好整齐,2025-06-07
/weibo?q=%E5%BB%BA%E8%AE%AE%E6%89%80%E6%9C%89%E9%9F%B3%E4%B9%90%E8%8A%82%E9%83%BD%E6%8C%89%E7%85%A7%E8%BF%99%E4%B8%AA%E6%B0%B4%E5%87%86%E6%9D%A5&t=31&band_rank=50&Refer=top,建议所有音乐节都按照这个水准来,2025-06-07
/weibo?q=%E6%9D%8E%E6%99%9F%20%E6%88%91%E4%B9%9F%E8%A7%89%E5%BE%97%E7%A5%A8%E6%95%B0%E4%BD%8E%E4%BA%86&t=31&band_rank=11&Refer=top,李晟 我也觉得票数低了,2025-06-07
/weibo?q=%23%E4%BD%95%E7%AB%8B%E5%B3%B0%E5%B0%86%E8%AE%BF%E8%8B%B1%E5%B9%B6%E4%B8%BE%E8%A1%8C%E4%B8%AD%E7%BE%8E%E7%BB%8F%E8%B4%B8%E7%A3%8B%E5%95%86%E6%9C%BA%E5%88%B6%E9%A6%96%E6%AC%A1%E4%BC%9A%E8%AE%AE%23&t=31&band_rank=22&Refer=top,何立峰将访英并举行中美经贸磋商机制首次会议,2025-06-07
/weibo?q=%E6%8A%98%E8%85%B0%E5%BA%86%E5%8A%9F%E5%AE%B4%E7%89%A9%E6%96%99%E5%91%A2&t=31&band_rank=33&Refer=top,折腰庆功宴物料呢,2025-06-07
/weibo?q=%E7%9F%B3%E5%AE%87%E5%A5%87%E6%97%A0%E7%BC%98%E5%86%B3%E8%B5%9B&t=31&band_rank=43&Refer=top,石宇奇无缘决赛,2025-06-07
/weibo?q=%23%E9%82%93%E4%BA%9A%E8%90%8D%E5%9B%9E%E5%A4%8D%E6%9E%97%E5%AD%9D%E5%9F%88%23&t=31&band_rank=47&Refer=top,邓亚萍回复林孝埈,2025-06-07
/weibo?q=%23%E4%B8%8A%E6%B5%B7%E4%BA%A4%E5%A4%A7%E7%BB%9D%E6%9D%80%E5%A4%AA%E5%8E%9F%E7%90%86%E5%B7%A5%23&t=31&band_rank=49&Refer=top,上海交大绝杀太原理工,2025-06-07
/weibo?q=%23%E5%A5%B3%E5%AD%90%E7%A7%B0%E4%BA%94%E8%B0%B7%E6%B8%94%E7%B2%89%E5%A4%96%E5%8D%96%E5%90%83%E5%87%BA%E6%B3%A1%E8%BD%AF%E8%9C%88%E8%9A%A3%23&t=31&band_rank=15&Refer=top,女子称五谷渔粉外卖吃出泡软蜈蚣,2025-06-07
/weibo?q=%E8%AE%A9%E5%90%B4%E5%AE%A3%E4%BB%AA%E5%BC%80%E5%9C%BA%E7%9A%84%E4%BA%BA%E6%98%AF%E5%A4%A9%E6%89%8D&t=31&band_rank=17&Refer=top,让吴宣仪开场的人是天才,2025-06-07
/weibo?q=%23%E5%B9%BF%E5%B7%9E%E4%B8%80%E9%AB%98%E9%80%9F%E6%94%B6%E8%B4%B9%E7%AB%99%E5%BB%BA%E6%88%909%E5%B9%B4%E6%9C%AA%E5%90%AF%E7%94%A8%23&t=31&band_rank=19&Refer=top,广州一高速收费站建成9年未启用,2025-06-07
/weibo?q=%E7%8E%B0%E4%BB%A3%E5%8C%BB%E5%AD%A6%E6%98%AF%E5%A6%82%E4%BD%95%E6%B2%BB%E7%96%97%E6%AF%92%E8%9B%87%E5%92%AC%E4%BC%A4%E7%9A%84&t=31&band_rank=20&Refer=top,现代医学是如何治疗毒蛇咬伤的,2025-06-07
/weibo?q=%E5%BC%A0%E5%B0%8F%E5%A9%89%E5%BC%80%E9%BA%A6%20%E5%AE%8B%E5%A6%8D%E9%9C%8F%E9%97%AD%E9%BA%A6&t=31&band_rank=25&Refer=top,张小婉开麦 宋妍霏闭麦,2025-06-07
/weibo?q=%E7%8E%8B%E6%A5%9A%E9%92%A6%E9%9D%A2%E5%AF%B9%E9%9D%A2&t=31&band_rank=32&Refer=top,王楚钦面对面,2025-06-07
/weibo?q=%E5%B0%8F%E5%A9%89%E7%AE%A1%E4%B9%90&t=31&band_rank=33&Refer=top,小婉管乐,2025-06-07
/weibo?q=%23%E5%BC%BA%E7%83%88%E5%BB%BA%E8%AE%AE%E4%BD%A0%E5%A4%9A%E9%97%BB%E6%9F%91%E6%A9%98%E7%B1%BB%E6%B0%B4%E6%9E%9C%23&t=31&band_rank=43&Refer=top,强烈建议你多闻柑橘类水果,2025-06-07
/weibo?q=%E8%97%8F%E6%B5%B7%E4%BC%A0%E9%87%8C%E7%9A%84%E8%9B%87%E7%9C%89%E9%93%9C%E9%B1%BC%E7%9C%9F%E7%9A%84%E5%AD%98%E5%9C%A8%E5%90%97&t=31&band_rank=46&Refer=top,藏海传里的蛇眉铜鱼真的存在吗,2025-06-07
/weibo?q=%23%E9%A9%AC%E6%96%AF%E5%85%8B%E5%92%8C%E7%89%B9%E6%9C%97%E6%99%AE%E5%90%B5%E5%AE%8C%E5%8F%88%E6%94%B9%E5%8F%A3%23&t=31&band_rank=49&Refer=top,马斯克和特朗普吵完又改口,2025-06-07
/weibo?q=%E5%90%B4%E5%AE%A3%E4%BB%AA%E7%94%9C%E5%A6%B9%E5%9B%9E%E5%BD%92&t=31&band_rank=8&Refer=top,吴宣仪甜妹回归,2025-06-07
/weibo?q=%23%E5%B7%B4%E9%BB%8E%E4%B8%96%E5%AE%B6%E7%83%A4%E9%B8%AD%E5%8C%85%E4%B8%89%E9%87%8C%E5%B1%AF%E5%BA%97%E4%B8%80%E5%91%A8%E5%8D%96%E5%8D%81%E5%A4%9A%E5%8F%AA%23&t=31&band_rank=15&Refer=top,巴黎世家烤鸭包三里屯店一周卖十多只,2025-06-07
/weibo?q=%23%E9%A9%BB%E6%97%A5%E6%9C%AC%E5%A4%A7%E4%BD%BF%E9%A6%86%E5%8F%91%E5%B8%83%E6%8F%90%E9%86%92%23&t=31&band_rank=27&Refer=top,驻日本大使馆发布提醒,2025-06-07
/weibo?q=%E5%B9%B4%E5%BA%A6%E4%B9%98%E9%A3%8E%E8%88%9E%E5%8F%B0&t=31&band_rank=31&Refer=top,年度乘风舞台,2025-06-07
/weibo?q=%23%E8%90%A8%E5%B7%B4%E4%BC%A6%E5%8D%A11%E6%AF%940%E9%AB%98%E8%8A%99%23&t=31&band_rank=32&Refer=top,萨巴伦卡1比0高芙,2025-06-07
/weibo?q=%23%E7%A9%BA%E8%B0%83%E4%B8%80%E5%BC%80%E4%B8%80%E5%85%B3%E5%92%8C%E4%B8%80%E7%9B%B4%E5%BC%80%E7%9D%80%E5%93%AA%E4%B8%AA%E8%B4%B9%E7%94%B5%23&t=31&band_rank=33&Refer=top,空调一开一关和一直开着哪个费电,2025-06-07
/weibo?q=%E5%9B%BD%E4%BA%A7%E5%89%A7%E6%9C%80%E6%99%AE%E9%80%9A%E4%BA%BA%E7%9A%84%E5%A5%B3%E4%B8%BB%E5%87%BA%E7%8E%B0%E4%BA%86&t=31&band_rank=39&Refer=top,国产剧最普通人的女主出现了,2025-06-07
/weibo?q=%E8%92%8B%E4%B8%80%E4%BE%A8%E6%B5%AA%E5%A7%90%E5%86%B3%E8%B5%9B%E5%8D%81%E7%A7%92rap%E7%82%B8%E6%88%90%E8%BF%99%E6%A0%B7&t=31&band_rank=44&Refer=top,蒋一侨浪姐决赛十秒rap炸成这样,2025-06-07
/weibo?q=%E9%95%BF%E5%AE%89%E7%9A%84%E8%8D%94%E6%9E%9D%E5%89%8D3%E9%9B%86%E5%89%8D%E5%A5%8F%E8%B5%B7%E9%A3%9E&t=31&band_rank=49&Refer=top,长安的荔枝前3集前奏起飞,2025-06-07
/weibo?q=%23%E6%B5%AA%E5%A7%90%E6%88%90%E5%9B%A2%E5%90%8D%E5%8D%95%E4%BB%80%E4%B9%88%E6%97%B6%E5%80%99%E5%87%BA%23&t=31&band_rank=12&Refer=top,浪姐成团名单什么时候出,2025-06-07
/weibo?q=%23%E7%8E%8B%E6%A5%9A%E9%92%A6%E5%86%8D%E5%9B%9E%E5%BF%86%E5%B7%B4%E9%BB%8E%E5%A5%A5%E8%BF%90%E6%B7%B7%E5%8F%8C%E6%AF%94%E8%B5%9B%23&t=31&band_rank=29&Refer=top,王楚钦再回忆巴黎奥运混双比赛,2025-06-07
/weibo?q=%E4%BE%AF%E4%BD%A9%E5%B2%91%E5%9B%A2&t=31&band_rank=39&Refer=top,侯佩岑团,2025-06-07
/weibo?q=%23%E5%A4%A7%E5%B8%85%E6%88%91%E6%9C%AC%E6%98%AF%E8%BE%85%E5%8A%A9%E4%BB%8A%E6%99%9A%E7%A7%80%E6%89%93%E9%87%8E%23&t=31&band_rank=40&Refer=top,大帅我本是辅助今晚秀打野,2025-06-07
/weibo?q=%E9%A9%AC%E5%90%9F%E5%90%9F%E5%A5%BD%E7%BE%8E&t=31&band_rank=41&Refer=top,马吟吟好美,2025-06-07
/weibo?q=%23%E7%8E%8B%E6%A5%9A%E9%92%A6%E8%AF%B4%E8%87%AA%E5%B7%B1%E4%B8%8D%E6%98%AF%E5%98%B4%E4%B8%8A%E8%A6%81%E5%BC%BA%E7%9A%84%E4%BA%BA%23&t=31&band_rank=42&Refer=top,王楚钦说自己不是嘴上要强的人,2025-06-07
/weibo?q=%E9%AB%98%E8%80%83%E6%95%B0%E5%AD%A6%E5%8E%8B%E8%BD%B4%E9%A2%98&t=31&band_rank=50&Refer=top,高考数学压轴题,2025-06-07
/weibo?q=%23%E9%9F%A6%E4%B8%9C%E5%A5%95%E4%B8%A5%E9%80%89%E8%B4%A6%E5%8F%B7%E5%B7%B2%E6%94%B9%E5%90%8D%23&t=31&band_rank=2&Refer=top,韦东奕严选账号已改名,2025-06-07
/weibo?q=%E8%92%99%E5%A8%9C%E4%B8%BD%E8%8E%8E&t=31&band_rank=32&Refer=top,蒙娜丽莎,2025-06-07
/weibo?q=%23%E4%B8%AD%E6%96%B9%E8%A6%81%E6%B1%82%E6%97%A5%E6%96%B9%E5%B0%BD%E5%BF%AB%E6%8A%93%E6%8D%95%E5%AB%8C%E7%8A%AF%23&t=31&band_rank=39&Refer=top,中方要求日方尽快抓捕嫌犯,2025-06-07
/weibo?q=%E6%B5%AA%E5%A7%90%E6%88%90%E5%9B%A2%E5%90%8D%E5%8D%95&t=31&band_rank=1&Refer=top,浪姐成团名单,2025-06-07
/weibo?q=%E6%9B%B9%E9%A2%96%E9%82%93%E8%90%83%E9%9B%AF%E5%A7%90%E5%A7%90%E5%80%BC%E5%BE%97&t=31&band_rank=31&Refer=top,曹颖邓萃雯姐姐值得,2025-06-07
/weibo?q=GAI%E5%92%8CCBLOCK%E5%9B%9B%E5%B0%8F%E5%8F%AA%E6%8B%A5%E6%8A%B1&t=31&band_rank=32&Refer=top,GAI和CBLOCK四小只拥抱,2025-06-07
/weibo?q=%E5%A4%A9%E5%91%BD%E5%B0%8F%E5%A7%9C&t=31&band_rank=35&Refer=top,天命小姜,2025-06-07
/weibo?q=%23%E9%AB%98%E8%8A%99%E5%A4%AA%E8%83%BD%E9%98%B2%E4%BA%86%23&t=31&band_rank=40&Refer=top,高芙太能防了,2025-06-07
/weibo?q=%E6%9D%8E%E8%89%BA%E5%BD%A4%E6%B2%A1%E6%88%90%E5%9B%A2&t=31&band_rank=8&Refer=top,李艺彤没成团,2025-06-07
/weibo?q=%23%E9%AB%98%E8%8A%99%E9%A6%96%E5%A4%BA%E6%B3%95%E7%BD%91%E5%86%A0%E5%86%9B%23&t=31&band_rank=13&Refer=top,高芙首夺法网冠军,2025-06-07
/weibo?q=%23%E7%8E%8B%E7%8F%9E%E4%B8%B9%E6%88%90%E5%9B%A2%23&t=31&band_rank=23&Refer=top,王珞丹成团,2025-06-07
/weibo?q=%E6%B5%AA%E5%A7%90%E5%88%B0%E5%BA%95%E8%B0%81%E5%9C%A8%E6%8A%95%E7%A5%A8&t=31&band_rank=28&Refer=top,浪姐到底谁在投票,2025-06-07
/weibo?q=%23%E7%8E%8B%E6%A5%9A%E9%92%A6%E5%9B%9E%E5%BA%94%E5%8E%8B%E5%8A%9B%23&t=31&band_rank=40&Refer=top,王楚钦回应压力,2025-06-07
/weibo?q=%E5%8D%B1%E9%99%A9%E6%B4%BE%E5%AF%B9&t=31&band_rank=45&Refer=top,危险派对,2025-06-07
/weibo?q=%E9%99%88%E6%98%8A%E5%AE%87%E7%8E%8B%E6%98%9F%E8%B6%8A%E8%B7%A8%E5%B9%B4%E5%90%8E%E4%BA%8C%E6%90%AD&t=31&band_rank=50&Refer=top,陈昊宇王星越跨年后二搭,2025-06-07
/weibo?q=%23%E5%8F%B6%E7%AB%A5%E5%B9%B4%E5%BA%A6%E6%80%BB%E5%86%A0%E5%86%9B%23&t=31&band_rank=8&Refer=top,叶童年度总冠军,2025-06-07
/weibo?q=%23%E7%8E%8B%E7%8F%9E%E4%B8%B9%E5%B9%B4%E5%BA%A6%E9%98%9F%E9%95%BF%23&t=31&band_rank=12&Refer=top,王珞丹年度队长,2025-06-07
/weibo?q=%E6%B3%95%E7%BD%912025&t=31&band_rank=35&Refer=top,法网2025,2025-06-07
/weibo?q=%23%E7%8E%8B%E6%A5%9A%E9%92%A6%E8%AF%B4%E4%B8%96%E4%B9%92%E8%B5%9B%E5%A4%BA%E5%86%A0%E5%90%8E%E5%85%A8%E7%BF%BB%E7%AF%87%E4%BA%86%23&t=31&band_rank=39&Refer=top,王楚钦说世乒赛夺冠后全翻篇了,2025-06-07
/weibo?q=%23%E9%83%91%E9%92%A6%E6%96%87%E5%A5%B3%E7%8E%8B%E6%9D%AF%E7%AD%BE%E8%A1%A8%23&t=31&band_rank=40&Refer=top,郑钦文女王杯签表,2025-06-07
/weibo?q=%E7%82%B9%E8%BF%9B%E7%89%87%E5%A4%B4%E5%B0%B1%E9%80%80%E4%B8%8D%E5%87%BA%E5%8E%BB%E7%9A%84%E5%89%A7&t=31&band_rank=42&Refer=top,点进片头就退不出去的剧,2025-06-07
/weibo?q=%23%E9%99%B7%E5%85%A5%E6%88%91%E4%BB%AC%E7%9A%84%E7%83%AD%E6%81%8B%E5%88%B6%E7%89%87%E4%BA%BA%E5%9B%9E%E5%BA%94%23&t=31&band_rank=47&Refer=top,陷入我们的热恋制片人回应,2025-06-07
/weibo?q=%E5%90%B4%E5%AE%A3%E4%BB%AA%E7%AC%AC%E4%BA%8C&t=31&band_rank=8&Refer=top,吴宣仪第二,2025-06-07
/weibo?q=%E6%B3%95%E7%BD%91%E5%A5%B3%E5%8D%95%E5%86%B3%E8%B5%9B&t=31&band_rank=20&Refer=top,法网女单决赛,2025-06-07
/weibo?q=%23%E6%9C%B1%E9%9B%80%E7%8E%84%E6%AD%A6%E6%95%95%E4%BB%A4%E9%AB%98%E8%80%83%E5%8F%91%E5%A3%B0%23&t=31&band_rank=21&Refer=top,朱雀玄武敕令高考发声,2025-06-07
/weibo?q=%23%E7%A5%9D%E7%BB%AA%E4%B8%B9%E6%88%90%E5%9B%A2%23&t=31&band_rank=23&Refer=top,祝绪丹成团,2025-06-07
/weibo?q=cubal&t=31&band_rank=40&Refer=top,cubal,2025-06-07
/weibo?q=%E6%9D%8E%E6%99%9F%E6%88%90%E5%9B%A2&t=31&band_rank=21&Refer=top,李晟成团,2025-06-07
/weibo?q=%23%E5%8F%A4%E9%A3%8E%E6%98%AF%E7%A5%9D%E7%BB%AA%E4%B8%B9%E7%9A%84%E7%BB%9F%E6%B2%BB%E5%8C%BA%23&t=31&band_rank=35&Refer=top,古风是祝绪丹的统治区,2025-06-07
/weibo?q=%23%E9%95%BF%E6%B2%99%E9%9B%B7%E5%A3%B0%E8%BD%B0%E9%9A%86%E6%9A%B4%E9%9B%A8%E6%B3%BC%23&t=31&band_rank=10&Refer=top,长沙雷声轰隆暴雨泼,2025-06-07
/weibo?q=%E5%90%B4%E5%AE%A3%E4%BB%AA%20%E8%BF%99%E6%98%AF%E6%88%91%E7%AC%AC%E4%B8%89%E6%AC%A1%E6%88%90%E5%9B%A2&t=31&band_rank=13&Refer=top,吴宣仪 这是我第三次成团,2025-06-07
/weibo?q=%E5%8D%95%E4%BE%9D%E7%BA%AF%E6%9D%8E%E7%99%BD&t=31&band_rank=50&Refer=top,单依纯李白,2025-06-07
/weibo?q=%E5%8F%8C%E9%BB%84%E4%B8%B9&t=31&band_rank=12&Refer=top,双黄丹,2025-06-07
/weibo?q=%23%E5%A6%82%E6%9E%9C%E4%BD%A0%E6%9C%89%E6%A2%A6%E6%83%B3%E5%B0%B1%E8%AF%B7%E6%A2%A6%E5%BE%97%E5%A4%A7%E8%83%86%E4%B8%80%E7%82%B9%23&t=31&band_rank=20&Refer=top,如果你有梦想就请梦得大胆一点,2025-06-07
/weibo?q=%23%E5%A4%A7%E8%84%91%E8%BF%87%E5%BA%A6%E7%96%B2%E5%8A%B3%E7%9A%848%E4%B8%AA%E4%BF%A1%E5%8F%B7%23&t=31&band_rank=31&Refer=top,大脑过度疲劳的8个信号,2025-06-07
/weibo?q=%23%E5%B1%B1%E4%B8%9C%E5%B0%8F%E9%92%BA%E9%92%BA%E7%BC%BA%E5%B8%AD%E4%BB%8A%E5%B9%B4%E9%AB%98%E8%80%83%23&t=31&band_rank=48&Refer=top,山东小钺钺缺席今年高考,2025-06-07
/weibo?q=%23%E4%B8%A5%E6%B5%A9%E7%BF%94%E6%96%B0%E8%AF%B4%E5%94%B1%E5%87%86%E5%A4%87%E5%BC%80%E6%92%AD%23&t=31&band_rank=49&Refer=top,严浩翔新说唱准备开播,2025-06-07
/weibo?q=%E9%AB%98%E8%80%83%E5%A4%A9%E6%B0%94&t=31&band_rank=50&Refer=top,高考天气,2025-06-07
/weibo?q=GBLOCK%E8%81%94%E5%90%8D%E4%B8%93%E8%BE%91&t=31&band_rank=49&Refer=top,GBLOCK联名专辑,2025-06-07
/weibo?q=%E5%91%A8%E7%AC%94%E7%95%85%E9%95%BF%E6%B2%99%E6%BC%94%E5%94%B1%E4%BC%9A&t=31&band_rank=49&Refer=top,周笔畅长沙演唱会,2025-06-07
/weibo?q=%232008%E5%B9%B4%E6%95%85%E6%84%8F%E8%80%830%E5%88%86%E7%94%B7%E5%AD%90%E5%8F%91%E5%A3%B0%23&t=31&band_rank=18&Refer=top,2008年故意考0分男子发声,2025-06-07
/weibo?q=%E6%BB%A1%E7%BA%A7QQ&t=31&band_rank=48&Refer=top,满级QQ,2025-06-07
/weibo?q=%23%E6%9C%B1%E9%9B%80%E7%8E%84%E6%AD%A6%E6%95%95%E4%BB%A4%E8%AF%B4%E8%AF%AD%E6%96%87%E8%80%83%E5%BE%97%E4%B8%8D%E7%90%86%E6%83%B3%23&t=31&band_rank=49&Refer=top,朱雀玄武敕令说语文考得不理想,2025-06-07
/weibo?q=%E6%97%A0%E7%95%8F%E5%A5%91%E7%BA%A6%E5%A4%9A%E4%BC%A6%E5%A4%9A%E5%A4%A7%E5%B8%88%E8%B5%9B&t=31&band_rank=50&Refer=top,无畏契约多伦多大师赛,2025-06-07
/weibo?q=%E5%A5%94%E8%B7%91%E5%90%A7&t=31&band_rank=45&Refer=top,奔跑吧,2025-06-07
/weibo?q=%23%E6%A3%92%E6%A3%92%E7%88%B6%E4%BA%B2%E5%AF%B9%E9%AB%98%E8%80%83%E5%84%BF%E5%AD%90%E8%AF%B4%E5%8A%A0%E6%B2%B9%E5%8A%A0%E6%B2%B9%E5%8A%A0%E6%B2%B9%23&t=31&band_rank=27&Refer=top,棒棒父亲对高考儿子说加油加油加油,2025-06-07
/weibo?q=%23%E5%8A%A8%E7%89%A9%E5%9B%AD%E5%9B%9E%E5%BA%94%E9%95%BF%E8%87%82%E7%8C%BF%E7%8C%B4%E9%AB%98%E8%80%83%E4%B8%8D%E5%AF%B9%E5%A4%96%E5%B1%95%E5%87%BA%23&t=31&band_rank=48&Refer=top,动物园回应长臂猿猴高考不对外展出,2025-06-07
/weibo?q=%23%E5%B1%B1%E4%B8%9C%E5%B0%8F%E9%92%BA%E9%92%BA%E5%9B%9E%E5%BA%94%E7%BC%BA%E5%B8%AD%E4%BB%8A%E5%B9%B4%E9%AB%98%E8%80%83%23&t=31&band_rank=50&Refer=top,山东小钺钺回应缺席今年高考,2025-06-07
/weibo?q=%E8%AF%AD%E8%A8%80%E8%83%BD%E5%8A%9B%E9%80%80%E5%8C%96%E5%88%B0%E9%AB%98%E8%80%83%E4%BD%9C%E6%96%87%E9%83%BD%E7%9C%8B%E4%B8%8D%E6%87%82%E4%BA%86&t=31&band_rank=50&Refer=top,语言能力退化到高考作文都看不懂了,2025-06-07
/weibo?q=%23%E6%9D%8E%E6%99%9F%E5%9B%A2%E8%AF%B4%E5%86%8D%E4%B8%80%E5%86%8D%E4%BA%8C%E4%B8%8D%E8%83%BD%E5%86%8D%E5%85%AD%23&t=31&band_rank=35&Refer=top,李晟团说再一再二不能再六,2025-06-07
/weibo?q=%23%E5%AD%99%E9%A2%96%E8%8E%8E%E8%90%BD%E5%9C%B0%E4%BA%BA%E5%8F%82%E6%9E%9C%23&t=31&band_rank=31&Refer=top,孙颖莎落地人参果,2025-06-07
/weibo?q=%23%E4%BF%84%E5%86%9B%E8%AF%B4%E5%86%8D%E6%AC%A1%E5%AF%B9%E4%B9%8C%E5%86%9B%E4%BA%8B%E7%9B%AE%E6%A0%87%E5%AE%9E%E6%96%BD%E8%BF%9C%E7%A8%8B%E6%89%93%E5%87%BB%23&t=31&band_rank=44&Refer=top,俄军说再次对乌军事目标实施远程打击,2025-06-07
/weibo?q=%236%E5%B2%81%E7%94%B7%E5%AD%A9%E8%A2%AB%E5%9B%B0%E5%B0%8F%E5%8C%BA%E7%94%B5%E6%A2%AF40%E5%88%86%E9%92%9F%E6%97%A0%E4%BA%BA%E6%95%91%23&t=31&band_rank=45&Refer=top,6岁男孩被困小区电梯40分钟无人救,2025-06-07
/weibo?q=%E6%9D%8E%E5%98%89%E6%A0%BC%E5%BF%83%E7%96%BC%E5%A6%88%E5%A6%88%E7%BB%99%E8%80%81%E5%85%AC%E5%BD%93%E5%A6%88&t=31&band_rank=47&Refer=top,李嘉格心疼妈妈给老公当妈,2025-06-07
/weibo?q=%E8%B0%A2%E5%A8%9C%E8%B7%B3%E8%88%9E%E5%AF%BC%E6%92%AD%E5%88%87%E4%BA%86%E9%99%88%E5%BE%B7%E5%AE%B9&t=31&band_rank=31&Refer=top,谢娜跳舞导播切了陈德容,2025-06-07
/weibo?q=%E5%AD%9F%E4%BD%B3%E6%99%92JYP%E5%AE%B6%E6%97%8F%E5%90%88%E5%BD%B1&t=31&band_rank=34&Refer=top,孟佳晒JYP家族合影,2025-06-07
/weibo?q=%23%E8%90%A8%E5%B7%B4%E4%BC%A6%E5%8D%A1%E8%BF%9E%E7%BB%AD%E4%B8%A4%E4%B8%AA%E5%A4%A7%E6%BB%A1%E8%B4%AF%E4%BA%9A%E5%86%9B%23&t=31&band_rank=38&Refer=top,萨巴伦卡连续两个大满贯亚军,2025-06-07
/weibo?q=%23%E4%B8%BA%E4%BB%80%E4%B9%88%E7%BB%93%E5%A9%9A%E5%90%8E%E7%94%B7%E4%BA%BA%E5%AE%B9%E6%98%93%E8%B6%8A%E6%9D%A5%E8%B6%8A%E5%8F%91%E7%A6%8F%23&t=31&band_rank=26&Refer=top,为什么结婚后男人容易越来越发福,2025-06-07
/weibo?q=%E6%9D%8E%E8%89%BA%E5%BD%A4%E8%BF%99%E6%AC%A1%E5%A4%A7%E5%AE%B6%E6%98%AF%E7%AB%99%E7%9D%80%E7%9A%84&t=31&band_rank=31&Refer=top,李艺彤这次大家是站着的,2025-06-07
/weibo?q=%23%E9%AB%98%E8%80%83%E7%AC%AC%E4%BA%8C%E5%A4%A9%23&t=31&band_rank=36&Refer=top,高考第二天,2025-06-07
/weibo?q=%23%E7%BE%8E%E5%9B%BD%E5%8F%AC%E5%9B%9E170%E4%B8%87%E6%9E%9A%E9%B8%A1%E8%9B%8B%23&t=31&band_rank=38&Refer=top,美国召回170万枚鸡蛋,2025-06-07
/weibo?q=%E7%8E%8B%E6%A5%9A%E9%92%A6%E8%9C%95%E5%8F%98%E4%B9%8B%E8%B7%AF&t=31&band_rank=40&Refer=top,王楚钦蜕变之路,2025-06-07
/weibo?q=%23%E5%AE%B6%E9%95%BF%E7%94%A89885%E5%85%83%E5%81%9A985%E9%B2%9C%E8%8A%B1%E9%80%81%E5%AD%A9%E5%AD%90%23&t=31&band_rank=41&Refer=top,家长用9885元做985鲜花送孩子,2025-06-07
/weibo?q=%23%E9%AB%98%E8%8A%99%E5%9B%9E%E5%BA%94%E6%B3%95%E7%BD%91%E5%A4%BA%E5%86%A0%23&t=31&band_rank=46&Refer=top,高芙回应法网夺冠,2025-06-07
/weibo?q=%23%E5%90%B4%E5%AE%A3%E4%BB%AA%E5%9B%9E%E5%BA%94%E7%AC%AC%E4%BA%8C%23&t=31&band_rank=29&Refer=top,吴宣仪回应第二,2025-06-07
/weibo?q=%23%E6%AD%A3%E9%AA%A8%E5%A4%A7%E5%A4%AB%E5%87%A0%E5%88%86%E9%92%9F%E5%B0%B1%E8%AE%A9%E5%A5%B3%E7%94%9F%E6%94%B9%E5%A4%B4%E6%8D%A2%E9%9D%A2%23&t=31&band_rank=35&Refer=top,正骨大夫几分钟就让女生改头换面,2025-06-07
/weibo?q=%23%E9%83%91%E6%99%93%E9%BE%99%E8%AF%B4%E8%82%96%E6%88%98%E6%AF%8F%E4%B8%80%E5%9C%BA%E5%93%AD%E6%88%8F%E9%83%BD%E4%B8%8D%E4%B8%80%E6%A0%B7%23&t=31&band_rank=45&Refer=top,郑晓龙说肖战每一场哭戏都不一样,2025-06-07
/weibo?q=%23%E9%83%91%E9%92%A6%E6%96%87%E4%BC%A6%E6%95%A6%E7%AB%99%E5%A4%B4%E5%8F%B7%E7%A7%8D%E5%AD%90%23&t=31&band_rank=50&Refer=top,郑钦文伦敦站头号种子,2025-06-07
/weibo?q=%23%E4%BE%AF%E4%BD%A9%E5%B2%91%E5%9B%9E%E5%BA%94%E5%88%92%E6%B0%B4%23&t=31&band_rank=31&Refer=top,侯佩岑回应划水,2025-06-07
/weibo?q=%E5%BC%A0%E9%95%87%E9%BA%9F%E5%A9%9A%E7%A4%BC&t=31&band_rank=33&Refer=top,张镇麟婚礼,2025-06-07
/weibo?q=%23%E8%90%A8%E5%B7%B4%E4%BC%A6%E5%8D%A1%E6%B3%AA%E6%B4%92%E9%A2%81%E5%A5%96%E5%85%B8%E7%A4%BC%23&t=31&band_rank=40&Refer=top,萨巴伦卡泪洒颁奖典礼,2025-06-07
/weibo?q=%23%E4%B8%AD%E6%96%B9%E5%9B%9E%E5%BA%94%E4%B8%AD%E9%87%8D%E7%A8%80%E5%9C%9F%E5%87%BA%E5%8F%A3%E7%AE%A1%E5%88%B6%E6%8E%AA%E6%96%BD%23&t=31&band_rank=43&Refer=top,中方回应中重稀土出口管制措施,2025-06-07
/weibo?q=%23%E7%99%BD%E9%93%B6%E5%91%A8%E6%B6%A89%25%E8%B6%85%E9%BB%84%E9%87%91%23&t=31&band_rank=46&Refer=top,白银周涨9%超黄金,2025-06-07
/weibo?q=%E5%80%AA%E8%90%8D%E8%AF%B4%E4%BD%99%E5%AE%87%E6%B6%B5%E6%9C%89%E6%98%93%E7%83%8A%E5%8D%83%E7%8E%BA%E7%9A%84%E6%A0%B7%E5%AD%90&t=31&band_rank=50&Refer=top,倪萍说余宇涵有易烊千玺的样子,2025-06-07
/weibo?q=%23%E6%9D%8E%E6%99%9F%E5%9B%A2%E7%9C%8B%E5%88%B0%E7%A5%A8%E6%95%B0%E8%A1%A8%E6%83%85%E7%AE%A1%E7%90%86%E9%83%BD%E6%B2%A1%E4%BA%86%23&t=31&band_rank=26&Refer=top,李晟团看到票数表情管理都没了,2025-06-07
/weibo?q=%23%E5%8C%97%E4%BA%AC%E4%B8%80%E5%9C%B0%E4%B8%8B%E5%AE%A4%E6%83%8A%E7%8E%B0%E5%A4%A7%E9%B1%BC%E6%B1%A0%23&t=31&band_rank=39&Refer=top,北京一地下室惊现大鱼池,2025-06-07
/weibo?q=%23%E6%9B%9D%E5%85%89%E6%B6%89%E9%AB%98%E8%80%83%E8%AF%88%E9%AA%97%E6%96%B0%E8%8A%B1%E6%A0%B7%23&t=31&band_rank=41&Refer=top,曝光涉高考诈骗新花样,2025-06-07
/weibo?q=%E8%A2%AB%E7%8E%8B%E4%BC%A0%E5%90%9B%E9%85%B1%E5%9B%AD%E5%BC%84%E8%BF%99%E4%B8%AA%E5%8D%B1%E7%AC%91%E5%90%93%E5%88%B0&t=31&band_rank=42&Refer=top,被王传君酱园弄这个危笑吓到,2025-06-07
/weibo?q=%23%E7%89%B9%E6%9C%97%E6%99%AE%E7%A7%B0%E6%97%A0%E6%84%8F%E4%BF%AE%E5%A4%8D%E4%B8%8E%E9%A9%AC%E6%96%AF%E5%85%8B%E5%85%B3%E7%B3%BB%23&t=31&band_rank=46&Refer=top,特朗普称无意修复与马斯克关系,2025-06-07
/weibo?q=%E6%9D%AD%E5%B7%9E%E6%89%93%E9%9B%B7&t=31&band_rank=47&Refer=top,杭州打雷,2025-06-07
/weibo?q=%23%E6%B5%AA%E5%A7%90%E6%8E%92%E5%90%8D%23&t=31&band_rank=36&Refer=top,浪姐排名,2025-06-07
/weibo?q=%E6%B4%AA%E5%B0%A7%E6%BC%94%E4%B8%8A%E4%BA%86%E8%96%9B%E8%8A%B3%E8%8F%B2%E7%9A%84%E5%89%8D%E5%A4%AB%E5%93%A5&t=31&band_rank=45&Refer=top,洪尧演上了薛芳菲的前夫哥,2025-06-07
/weibo?q=%E5%BB%BA%E8%AE%AE%E9%AB%98%E8%80%83%E7%94%9F%E8%80%83%E5%AE%8C%E4%B8%8D%E8%A6%81%E6%89%93%E6%9A%91%E5%81%87%E5%B7%A5&t=31&band_rank=47&Refer=top,建议高考生考完不要打暑假工,2025-06-07
/weibo?q=%23%E5%BD%93%E4%B8%AD%E5%9B%BD%E4%BA%BA%E8%BF%9B%E5%85%A5%E9%9F%A9%E5%9B%BD%E8%81%8C%E5%9C%BA%23&t=31&band_rank=48&Refer=top,当中国人进入韩国职场,2025-06-07
/weibo?q=%23%E7%A5%9D%E7%BB%AA%E4%B8%B9%E5%9B%9E%E5%BA%94%E6%B5%AA%E5%A7%90%E6%B2%A1%E8%8B%A6%E7%A1%AC%E5%90%83%23&t=31&band_rank=32&Refer=top,祝绪丹回应浪姐没苦硬吃,2025-06-07
/weibo?q=%23%E8%80%80%E7%9C%BC%E5%BC%80%E6%9C%BA%23&t=31&band_rank=37&Refer=top,耀眼开机,2025-06-07
/weibo?q=%23%E8%90%A8%E5%B7%B4%E4%BC%A6%E5%8D%A1%E6%B3%95%E7%BD%91%E4%BA%9A%E5%86%9B%23&t=31&band_rank=40&Refer=top,萨巴伦卡法网亚军,2025-06-07
/weibo?q=%23%E8%8C%83%E5%BF%97%E6%AF%85%E4%B8%8E%E8%B4%9D%E5%85%8B%E6%B1%89%E5%A7%86%E5%90%88%E7%85%A7%23&t=31&band_rank=43&Refer=top,范志毅与贝克汉姆合照,2025-06-07
/weibo?q=%23%E8%82%96%E6%88%98%E8%97%8F%E6%B5%B7%E7%9A%84%E4%BA%BA%E7%94%9F%E7%85%A7%E7%89%87%23&t=31&band_rank=45&Refer=top,肖战藏海的人生照片,2025-06-07
/weibo?q=%23%E9%9F%A6%E4%B8%9C%E5%A5%95%E7%B2%89%E4%B8%9D%E6%95%B0%E7%A0%B42000%E4%B8%87%23&t=31&band_rank=46&Refer=top,韦东奕粉丝数破2000万,2025-06-07
/weibo?q=%23%E8%A2%AB%E6%A9%98%E8%89%B2%E6%97%A5%E5%87%BA%E4%B8%80%E6%95%B4%E4%B8%AA%E6%B2%BB%E6%84%88%E4%BA%86%23&t=31&band_rank=50&Refer=top,被橘色日出一整个治愈了,2025-06-07
/weibo?q=%23%E6%B5%99%E6%B1%9F%E5%A4%9A%E4%BD%8D%E5%AE%B6%E9%95%BF%E6%8A%8A%E8%BD%A6%E6%A0%87%E6%94%B9%E4%B8%BA985%23&t=31&band_rank=6&Refer=top,浙江多位家长把车标改为985,2025-06-07
/weibo?q=%23%E7%89%B9%E6%9C%97%E6%99%AE%E7%A7%B0%E4%B8%8E%E9%A9%AC%E6%96%AF%E5%85%8B%E5%85%B3%E7%B3%BB%E5%B7%B2%E7%BB%93%E6%9D%9F%23&t=31&band_rank=33&Refer=top,特朗普称与马斯克关系已结束,2025-06-07
/weibo?q=%E5%8D%95%E4%BE%9D%E7%BA%AF%E8%BF%99%E7%9B%9B%E4%B8%96%E5%A6%82%E4%BD%A0%E6%89%80%E6%84%BF&t=31&band_rank=37&Refer=top,单依纯这盛世如你所愿,2025-06-07
/weibo?q=%23%E5%8A%A0%E5%B7%9E%E5%B7%9E%E9%95%BF%E5%A8%81%E8%83%81%E5%81%9C%E7%BC%B4%E7%A8%8E%E6%AC%BE%23&t=31&band_rank=42&Refer=top,加州州长威胁停缴税款,2025-06-07
/weibo?q=%23%E6%84%8F%E8%AF%86%E5%88%B0%E5%8E%9F%E6%9D%A5%E7%94%9F%E5%91%BD%E6%98%AF%E5%8F%AF%E4%BB%A5%E8%BF%99%E6%A0%B7%E6%B5%81%E9%80%9D%E7%9A%84%23&t=31&band_rank=46&Refer=top,意识到原来生命是可以这样流逝的,2025-06-07
/weibo?q=%E8%97%8F%E6%B5%B7%E4%BC%A0%E6%BC%94%E5%94%B1%E4%BC%9A&t=31&band_rank=50&Refer=top,藏海传演唱会,2025-06-07
/weibo?q=%23%E6%9D%8E%E6%99%9F%E5%9B%9E%E5%BA%94%E5%8F%AA%E6%88%90%E5%9B%A22%E4%BA%BA%23&t=31&band_rank=12&Refer=top,李晟回应只成团2人,2025-06-07
/weibo?q=%23%E5%8D%97%E6%96%B9%E5%87%BA%E7%8E%B0%E7%84%96%E8%92%B8%E5%9E%8B%E9%AB%98%E6%B8%A9%23&t=31&band_rank=35&Refer=top,南方出现焖蒸型高温,2025-06-07
/weibo?q=%23%E8%B7%9F%E7%9D%80BGM%E6%B2%89%E6%B5%B8%E5%BC%8F%E7%9C%8B%E6%B5%B7%23&t=31&band_rank=46&Refer=top,跟着BGM沉浸式看海,2025-06-07
/weibo?q=%23%E7%BE%8E%E5%9B%BD%E6%81%A2%E5%A4%8D%E5%A4%84%E7%90%86%E5%93%88%E4%BD%9B%E5%9B%BD%E9%99%85%E5%AD%A6%E7%94%9F%E7%AD%BE%E8%AF%81%23&t=31&band_rank=10&Refer=top,美国恢复处理哈佛国际学生签证,2025-06-07
/weibo?q=%23%E8%80%83%E7%94%9F%E5%BC%80%E8%80%83%E5%89%8D25%E5%88%86%E9%92%9F%E5%9B%A0%E9%94%81%E6%95%85%E9%9A%9C%E8%A2%AB%E5%9B%B0%E5%AE%B6%E4%B8%AD%23&t=31&band_rank=17&Refer=top,考生开考前25分钟因锁故障被困家中,2025-06-07
/weibo?q=%2305%E5%90%8E%E9%AB%98%E8%80%83%E7%94%9F%E5%8D%B3%E5%B0%86%E8%BF%8E%E6%8E%A5%E6%96%B0%E7%94%9F%E6%B4%BB%23&t=31&band_rank=20&Refer=top,05后高考生即将迎接新生活,2025-06-07
/weibo?q=%2323%E5%B2%81%E5%A5%B3%E5%81%A5%E8%BA%AB%E6%95%99%E7%BB%83%E8%BA%AB%E4%B8%8A%E7%B4%AB%E7%BA%B9%E8%B6%8A%E9%95%BF%E8%B6%8A%E5%A4%9A%23&t=31&band_rank=31&Refer=top,23岁女健身教练身上紫纹越长越多,2025-06-07
/weibo?q=%23%E8%A1%A1%E6%B0%B4%E4%B8%AD%E5%AD%A6%E9%AB%98%E4%B8%89%E5%AD%A6%E7%94%9F%E9%AB%98%E8%80%83%E6%9C%9F%E9%97%B4%E5%9D%9A%E6%8C%81%E6%99%A8%E8%B7%91%23&t=31&band_rank=43&Refer=top,衡水中学高三学生高考期间坚持晨跑,2025-06-07
/weibo?q=%23%E5%9E%AB%E5%BA%95%E8%BE%A3%E5%AD%A9cos%E8%97%8F%E6%B5%B7%23&t=31&band_rank=24&Refer=top,垫底辣孩cos藏海,2025-06-07
/weibo?q=%E9%AB%98%E8%80%83%20%E6%99%A8%E8%B7%91&t=31&band_rank=39&Refer=top,高考 晨跑,2025-06-07
/weibo?q=%23%E7%89%B9%E6%9C%97%E6%99%AE%E5%AF%B9%E9%A9%AC%E6%96%AF%E5%85%8B%E5%8F%91%E8%AD%A6%E5%91%8A%23&t=31&band_rank=40&Refer=top,特朗普对马斯克发警告,2025-06-07
/weibo?q=%23%E9%A2%86%E8%A1%94%E4%B8%BB%E6%BC%94%E5%85%B3%E6%99%93%E5%BD%A4%E6%9D%8E%E6%98%80%E9%94%90%23&t=31&band_rank=15&Refer=top,领衔主演关晓彤李昀锐,2025-06-07
/weibo?q=%E9%AB%98%E8%80%83%E7%89%A9%E7%90%86&t=31&band_rank=32&Refer=top,高考物理,2025-06-07
/weibo?q=%E5%B0%94%E5%86%AC%E5%8D%87%E8%AF%B4%E6%9F%AF%E6%B7%B3%E5%93%AD%E6%88%8F%E6%9E%9C%E7%84%B6%E5%8E%89%E5%AE%B3&t=31&band_rank=44&Refer=top,尔冬升说柯淳哭戏果然厉害,2025-06-07
/weibo?q=%23%E5%A4%A7%E7%88%B7%E8%A2%AB%E8%9B%87%E5%92%AC%E4%BC%A4%E5%8F%8D%E6%8A%93%E8%9B%87%E5%86%8D%E9%81%AD%E5%92%AC%23&t=31&band_rank=48&Refer=top,大爷被蛇咬伤反抓蛇再遭咬,2025-06-07
/weibo?q=%23%E4%BE%AF%E4%BD%A9%E5%B2%91%E5%9C%A8%E7%BA%BF%E6%89%BE%E5%B7%A5%E4%BD%9C%23&t=31&band_rank=38&Refer=top,侯佩岑在线找工作,2025-06-07
/weibo?q=%23%E9%83%AD%E8%89%BE%E4%BC%A6%E9%83%AD%E5%A3%AB%E5%BC%BA%E5%8F%82%E5%8A%A0%E5%BC%A0%E9%95%87%E9%BA%9F%E5%A9%9A%E7%A4%BC%23&t=31&band_rank=40&Refer=top,郭艾伦郭士强参加张镇麟婚礼,2025-06-07
/weibo?q=%E8%8B%8F%E5%B7%9E%E6%89%93%E9%9B%B7&t=31&band_rank=46&Refer=top,苏州打雷,2025-06-07
/weibo?q=%E6%88%91%E4%BB%AC%E4%B8%8E%E6%81%B6%E7%9A%84%E8%B7%9D%E7%A6%BB2&t=31&band_rank=47&Refer=top,我们与恶的距离2,2025-06-07
/weibo?q=%E9%AB%98%E8%80%83%E5%8E%86%E5%8F%B2&t=31&band_rank=1&Refer=top,高考历史,2025-06-07
/weibo?q=%23%E7%8E%8B%E6%A5%9A%E9%92%A6%E5%9B%9E%E5%BA%9419%E5%B2%81%E6%91%94%E6%8B%8D%E5%AD%90%23&t=31&band_rank=15&Refer=top,王楚钦回应19岁摔拍子,2025-06-07
/weibo?q=%E8%B5%B5%E9%9B%85%E8%8A%9D%E6%B5%AA%E5%A7%90%E5%98%89%E5%AE%BE%E8%BF%94%E5%9B%BE&t=31&band_rank=39&Refer=top,赵雅芝浪姐嘉宾返图,2025-06-07
/weibo?q=%E5%90%B8%E8%A1%80%E9%AC%BC%E9%AA%91%E5%A3%AB%E7%95%AA%E5%A4%96%E7%AF%87%E5%A4%A7%E7%BB%93%E5%B1%80&t=31&band_rank=40&Refer=top,吸血鬼骑士番外篇大结局,2025-06-07
/weibo?q=%E9%AB%98%E8%80%83%E7%8E%84%E5%AD%A6&t=31&band_rank=43&Refer=top,高考玄学,2025-06-07
/weibo?q=%23%E5%BC%A0%E6%A1%82%E6%A2%85%E7%9A%84%E7%AC%AC15%E6%AC%A1%E9%80%81%E8%80%83%23&t=31&band_rank=10&Refer=top,张桂梅的第15次送考,2025-06-07
/weibo?q=%23%E7%83%A4%E9%B8%AD%E5%BA%97%E5%81%9C%E4%B8%9A%E5%86%99%E6%89%93%E6%B2%B9%E8%AF%97%E7%A5%9D%E8%80%83%E7%94%9F%E9%B8%AD%E7%9A%84%E5%85%A8%E5%AF%B9%23&t=31&band_rank=15&Refer=top,烤鸭店停业写打油诗祝考生鸭的全对,2025-06-07
/weibo?q=%23%E5%8E%86%E5%8F%B2%E7%BB%99%E6%88%91%E9%81%93%E6%AD%89%23&t=31&band_rank=20&Refer=top,历史给我道歉,2025-06-07
/weibo?q=%E9%AB%98%E8%80%83%E7%89%A9%E7%90%86%E9%9A%BE%E4%B8%8D%E9%9A%BE&t=31&band_rank=25&Refer=top,高考物理难不难,2025-06-07
/weibo?q=%23%E7%8E%8B%E6%A5%9A%E9%92%A6%E7%94%A8%E8%89%B0%E9%9A%BE%E4%B8%80%E8%AF%8D%E8%B0%88%E6%88%90%E9%95%BF%23&t=31&band_rank=26&Refer=top,王楚钦用艰难一词谈成长,2025-06-07
/weibo?q=%23%E8%8E%B7%E6%95%91%E5%B0%8F%E8%B1%A1%E4%B8%BE%E8%B5%B7%E9%BC%BB%E5%AD%90%E6%84%9F%E8%B0%A2%E6%95%91%E5%91%BD%E6%81%A9%E4%BA%BA%23&t=31&band_rank=44&Refer=top,获救小象举起鼻子感谢救命恩人,2025-06-07
/weibo?q=%E9%AB%98%E8%80%83%E5%8E%86%E5%8F%B2%E6%96%87%E8%A8%80%E6%96%87&t=31&band_rank=5&Refer=top,高考历史文言文,2025-06-07
/weibo?q=%E7%94%B5%E8%A7%86%E5%89%A7%E8%80%80%E7%9C%BC&t=31&band_rank=20&Refer=top,电视剧耀眼,2025-06-07
/weibo?q=%E6%96%B0%E4%B8%80%E5%8D%B7%E5%8E%86%E5%8F%B2%20%E9%9A%BE&t=31&band_rank=24&Refer=top,新一卷历史 难,2025-06-07
/weibo?q=%23%E7%8E%8B%E4%B8%80%E5%8D%9A%E5%8F%88%E5%8F%8C%E5%8F%92%E8%A7%A3%E9%94%81%E6%96%B0%E6%8A%80%E8%83%BD%23&t=31&band_rank=29&Refer=top,王一博又双叒解锁新技能,2025-06-07
/weibo?q=%E8%A2%AB%E9%AB%98%E8%80%83%E5%8E%86%E5%8F%B2%E5%81%9A%E5%B1%80%E4%BA%86&t=31&band_rank=33&Refer=top,被高考历史做局了,2025-06-07
/weibo?q=%E6%88%91%E7%9A%84%E7%89%A9%E7%90%86%E6%88%90%E4%B8%BA%E4%BA%86%E6%88%91%E7%9A%84%E8%B4%A5%E7%AC%94&t=31&band_rank=38&Refer=top,我的物理成为了我的败笔,2025-06-07
/weibo?q=%E5%B9%BF%E4%B8%9C%E7%89%A9%E7%90%86%E5%A4%A7%E9%A2%98&t=31&band_rank=43&Refer=top,广东物理大题,2025-06-07
/weibo?q=%23%E6%B5%8E%E5%8D%97%E4%B8%80%E7%83%A4%E9%B8%AD%E5%BA%97%E5%B9%BD%E9%BB%98%E9%99%AA%E8%80%83%E5%81%9C%E4%B8%9A%E5%91%8A%E7%A4%BA%E7%81%AB%E4%BA%86%23&t=31&band_rank=44&Refer=top,济南一烤鸭店幽默陪考停业告示火了,2025-06-07
/weibo?q=%E9%A9%AC%E5%98%89%E7%A5%BA%E6%AD%8C%E6%89%8B%20%E5%94%B1%E7%8E%8B%E6%BA%90%E7%9A%84%E6%AD%8C&t=31&band_rank=29&Refer=top,马嘉祺歌手 唱王源的歌,2025-06-07
/weibo?q=%23%E7%93%A6%E6%A0%BC%E7%BA%B3%E9%9B%86%E5%9B%A2%E5%AE%A3%E5%B8%83%E6%92%A4%E5%86%9B%23&t=31&band_rank=34&Refer=top,瓦格纳集团宣布撤军,2025-06-07
/weibo?q=%23%E5%BA%97%E5%90%8D%E5%83%8F%E7%B2%97%E8%AF%9D%E8%9E%BA%E8%9B%B3%E7%B2%89%E5%BA%97%E5%B0%86%E5%85%B3%E5%BA%97%23&t=31&band_rank=37&Refer=top,店名像粗话螺蛳粉店将关店,2025-06-07
/weibo?q=%23%E9%95%BF%E6%B2%99%E6%9A%B4%E9%9B%A8%E5%B1%85%E6%B0%91%E6%A5%BC%E6%A5%BC%E6%A2%AF%E5%8F%98%E7%80%91%E5%B8%83%23&t=31&band_rank=38&Refer=top,长沙暴雨居民楼楼梯变瀑布,2025-06-07
/weibo?q=%E8%B0%81%E5%AE%B6%E5%8F%A4%E9%A3%8E%E5%B0%8F%E7%94%9F%E5%87%BA%E7%9A%84%E8%AF%95%E5%8D%B7&t=31&band_rank=42&Refer=top,谁家古风小生出的试卷,2025-06-07
/weibo?q=%E4%BB%8A%E5%B9%B4%E9%9A%BE%E4%BA%86%E6%98%8E%E5%B9%B4%E5%B0%B1%E4%B8%8D%E8%AE%B8%E9%9A%BE%E4%BA%86&t=31&band_rank=48&Refer=top,今年难了明年就不许难了,2025-06-07
/weibo?q=%E6%9B%BE%E8%88%9C%E6%99%9E%E6%96%B0%E5%89%A7%E8%AE%A9%E6%88%91%E5%AE%9E%E7%8E%B0%E7%8C%AB%E7%8B%97%E5%8F%8C%E5%85%A8&t=31&band_rank=49&Refer=top,曾舜晞新剧让我实现猫狗双全,2025-06-07
/weibo?q=%23SU7Ultra%E6%98%AFGT%E8%B5%9B%E8%BD%A6%E9%A6%96%E6%AC%BE%E4%B8%AD%E5%9B%BD%E8%BD%A6%23&t=31&band_rank=24&Refer=top,SU7Ultra是GT赛车首款中国车,2025-06-07
/weibo?q=%23%E9%9F%A6%E4%B8%9C%E5%A5%95%E6%9B%BE%E5%9B%9E%E5%BA%94%E4%BB%80%E4%B9%88%E6%A0%B7%E7%9A%84%E5%AD%A9%E5%AD%90%E9%80%82%E5%90%88%E5%AD%A6%E6%95%B0%E5%AD%A6%23&t=31&band_rank=25&Refer=top,韦东奕曾回应什么样的孩子适合学数学,2025-06-07
/weibo?q=%E7%A6%8F%E5%BB%BA%E7%89%A9%E7%90%86%20%E9%9A%BE&t=31&band_rank=38&Refer=top,福建物理 难,2025-06-07
/weibo?q=%23%E8%87%AA%E5%B7%B1%E5%9C%A8%E5%AE%B6%E6%80%8E%E4%B9%88%E6%B8%85%E6%B4%97%E7%A9%BA%E8%B0%83%23&t=31&band_rank=41&Refer=top,自己在家怎么清洗空调,2025-06-07
/weibo?q=%23%E9%AB%98%E8%8A%99%E6%B3%95%E7%BD%91%E5%A4%BA%E5%86%A0%E5%90%8E%E8%AE%A9%E7%90%83%E7%AB%A5%E6%8D%A7%E5%A5%96%E6%9D%AF%23&t=31&band_rank=44&Refer=top,高芙法网夺冠后让球童捧奖杯,2025-06-07
/weibo?q=%E5%AE%89%E5%BE%BD%E7%89%A9%E7%90%86%20%E7%AE%80%E5%8D%95&t=31&band_rank=49&Refer=top,安徽物理 简单,2025-06-07
/weibo?q=%23%E6%B4%AA%E5%B0%A7%E5%9C%A8%E5%AE%B6%E7%9A%84%E6%97%B6%E5%80%99%E5%B0%B1%E5%B8%AE%E5%90%B4%E8%B0%A8%E8%A8%80%E6%90%AD%E8%BF%87%E8%AF%8D%23&t=31&band_rank=50&Refer=top,洪尧在家的时候就帮吴谨言搭过词,2025-06-07
